,Adj Close,Adj Close,Close,Close,High,High,Low,Low,Open,Open,Volume,Volume
,AMZN,GOOG,AMZN,GOOG,AMZN,GOOG,AMZN,GOOG,AMZN,GOOG,AMZN,GOOG
Date,,,,,,,,,,,,
2019-01-02,1539.1300048828125,1045.8499755859375,1539.1300048828125,1045.8499755859375,1553.3599853515625,1052.3199462890625,1460.9300537109375,1015.7100219726562,1465.199951171875,1016.5700073242188,7983100,1532600
2019-01-03,1500.280029296875,1016.0599975585938,1500.280029296875,1016.0599975585938,1538.0,1056.97998046875,1497.1099853515625,1014.0700073242188,1520.010009765625,1041.0,6975600,1841100
2019-01-04,1575.3900146484375,1070.7099609375,1575.3900146484375,1070.7099609375,1594.0,1070.8399658203125,1518.31005859375,1027.41796875,1530.0,1032.5899658203125,9182600,2093900
2019-01-07,1629.510009765625,1068.3900146484375,1629.510009765625,1068.3900146484375,1634.56005859375,1074.0,1589.18994140625,1054.760009765625,1602.31005859375,1071.5,7993200,1981900
2019-01-08,1656.5799560546875,1076.280029296875,1656.5799560546875,1076.280029296875,1676.6099853515625,1084.56005859375,1616.6099853515625,1060.530029296875,1664.68994140625,1076.1099853515625,8881400,1764900
2019-01-09,1659.4200439453125,1074.6600341796875,1659.4200439453125,1074.6600341796875,1667.800048828125,1082.6300048828125,1641.4000244140625,1066.4000244140625,1652.97998046875,1081.6500244140625,6348800,1199300
2019-01-10,1656.219970703125,1070.3299560546875,1656.219970703125,1070.3299560546875,1663.25,1071.1500244140625,1621.6199951171875,1057.7099609375,1641.010009765625,1067.6600341796875,6507700,1456400
2019-01-11,1640.56005859375,1057.18994140625,1640.56005859375,1057.18994140625,1660.2900390625,1063.7750244140625,1636.219970703125,1048.47998046875,1640.550048828125,1063.1800537109375,4686200,1520800
2019-01-14,1617.2099609375,1044.68994140625,1617.2099609375,1044.68994140625,1648.199951171875,1051.530029296875,1595.1500244140625,1041.2550048828125,1615.0,1046.9200439453125,6005900,1144300
2019-01-15,1674.56005859375,1077.1500244140625,1674.56005859375,1077.1500244140625,1675.1600341796875,1080.050048828125,1626.010009765625,1047.3399658203125,1632.0,1050.1700439453125,5998500,1463600
2019-01-16,1683.780029296875,1080.969970703125,1683.780029296875,1080.969970703125,1705.0,1092.375,1675.8800048828125,1079.3399658203125,1684.219970703125,1080.0,6366900,1331800
2019-01-17,1693.219970703125,1089.9000244140625,1693.219970703125,1089.9000244140625,1700.1700439453125,1091.800048828125,1677.5,1073.5,1680.0,1079.469970703125,4208900,1242700
2019-01-18,1696.199951171875,1098.260009765625,1696.199951171875,1098.260009765625,1716.199951171875,1108.35205078125,1691.5400390625,1090.9000244140625,1712.0,1100.0,6020500,1955600
2019-01-22,1632.1700439453125,1070.52001953125,1632.1700439453125,1070.52001953125,1681.8699951171875,1091.510009765625,1610.199951171875,1063.469970703125,1681.0,1088.0,6416800,1613500
2019-01-23,1640.02001953125,1075.5699462890625,1640.02001953125,1075.5699462890625,1657.4300537109375,1084.9300537109375,1612.0,1059.75,1656.0,1077.3499755859375,5225200,967000
2019-01-24,1654.9300537109375,1073.9000244140625,1654.9300537109375,1073.9000244140625,1657.260009765625,1079.4749755859375,1631.780029296875,1060.699951171875,1641.0699462890625,1076.47998046875,4089900,1361300
2019-01-25,1670.5699462890625,1090.989990234375,1670.5699462890625,1090.989990234375,1683.47998046875,1094.0,1661.6099853515625,1081.8199462890625,1670.5,1085.0,4945900,1119100
2019-01-28,1637.8900146484375,1070.0799560546875,1637.8900146484375,1070.0799560546875,1645.0,1083.0,1614.0899658203125,1063.800048828125,1643.5899658203125,1080.1099853515625,4837700,1284300
2019-01-29,1593.8800048828125,1060.6199951171875,1593.8800048828125,1060.6199951171875,1632.3800048828125,1075.1500244140625,1590.719970703125,1055.864990234375,1631.27001953125,1072.6800537109375,4632800,1021800
2019-01-30,1670.4300537109375,1089.06005859375,1670.4300537109375,1089.06005859375,1676.949951171875,1091.0,1619.6800537109375,1066.8499755859375,1623.0,1068.4300537109375,5783800,1279800
2019-01-31,1718.72998046875,1116.3699951171875,1718.72998046875,1116.3699951171875,1736.4100341796875,1117.3299560546875,1679.0799560546875,1095.4100341796875,1692.8499755859375,1103.0,10910300,1538300
2019-02-01,1626.22998046875,1110.75,1626.22998046875,1110.75,1673.06005859375,1125.0,1622.010009765625,1104.8900146484375,1638.8800048828125,1112.4000244140625,11506200,1462200
2019-02-04,1633.31005859375,1132.800048828125,1633.31005859375,1132.800048828125,1649.6300048828125,1132.800048828125,1613.5,1109.02001953125,1623.0,1112.6600341796875,4929100,2576500
2019-02-05,1658.81005859375,1145.989990234375,1658.81005859375,1145.989990234375,1665.260009765625,1146.8499755859375,1642.5,1117.248046875,1643.3399658203125,1124.8399658203125,4453100,3552200
2019-02-06,1640.260009765625,1115.22998046875,1640.260009765625,1115.22998046875,1672.260009765625,1147.0,1633.3399658203125,1112.77001953125,1670.75,1139.5699462890625,3939900,2105600
2019-02-07,1614.3699951171875,1098.7099609375,1614.3699951171875,1098.7099609375,1625.5400390625,1104.8399658203125,1592.9100341796875,1086.0,1625.0,1104.1600341796875,4626600,2044800
2019-02-08,1588.219970703125,1095.06005859375,1588.219970703125,1095.06005859375,1588.5899658203125,1098.9100341796875,1566.760009765625,1086.550048828125,1586.0,1087.0,5657500,1075800
2019-02-11,1591.0,1095.010009765625,1591.0,1095.010009765625,1609.2900390625,1105.9449462890625,1586.0,1092.8599853515625,1600.97998046875,1096.949951171875,3317300,1065200
2019-02-12,1638.010009765625,1121.3699951171875,1638.010009765625,1121.3699951171875,1639.4000244140625,1125.2950439453125,1598.8800048828125,1105.8499755859375,1604.0,1106.800048828125,4858600,1609100
2019-02-13,1640.0,1120.1600341796875,1640.0,1120.1600341796875,1656.3800048828125,1134.72998046875,1637.1099853515625,1118.5,1647.0,1124.989990234375,3560300,1049800
2019-02-14,1622.6500244140625,1121.6700439453125,1622.6500244140625,1121.6700439453125,1637.9000244140625,1128.22998046875,1606.06005859375,1110.4449462890625,1624.5,1118.050048828125,4120500,947600
2019-02-15,1607.949951171875,1113.6500244140625,1607.949951171875,1113.6500244140625,1628.9100341796875,1131.6700439453125,1604.5,1110.6500244140625,1627.8599853515625,1130.0799560546875,4343900,1449800
2019-02-19,1627.5799560546875,1118.56005859375,1627.5799560546875,1118.56005859375,1634.0,1121.8900146484375,1600.56005859375,1110.0,1601.0,1110.0,3681700,1046400
2019-02-20,1622.0999755859375,1113.800048828125,1622.0999755859375,1113.800048828125,1634.9300537109375,1123.4100341796875,1610.1199951171875,1105.280029296875,1630.0,1119.989990234375,3337600,1087800
2019-02-21,1619.43994140625,1096.969970703125,1619.43994140625,1096.969970703125,1623.56005859375,1111.93994140625,1600.9100341796875,1092.52001953125,1619.8499755859375,1110.8399658203125,3483400,1415100
2019-02-22,1631.56005859375,1110.3699951171875,1631.56005859375,1110.3699951171875,1634.93994140625,1111.239990234375,1621.1700439453125,1095.5999755859375,1623.5,1100.9000244140625,3096200,1049500
2019-02-25,1633.0,1109.4000244140625,1633.0,1109.4000244140625,1654.5999755859375,1118.5400390625,1630.3900146484375,1107.27001953125,1641.449951171875,1116.0,3184500,1413100
2019-02-26,1636.4000244140625,1115.1300048828125,1636.4000244140625,1115.1300048828125,1639.989990234375,1119.510009765625,1616.1300048828125,1099.9200439453125,1625.97998046875,1105.75,2665800,1471300
2019-02-27,1641.0899658203125,1116.050048828125,1641.0899658203125,1116.050048828125,1641.81005859375,1117.97998046875,1615.0999755859375,1101.0,1628.1800537109375,1106.949951171875,3148800,968400
2019-02-28,1639.8299560546875,1119.9200439453125,1639.8299560546875,1119.9200439453125,1651.77001953125,1127.6500244140625,1633.8299560546875,1111.010009765625,1635.25,1111.300048828125,3025900,1542500
2019-03-01,1671.72998046875,1140.989990234375,1671.72998046875,1140.989990234375,1674.260009765625,1142.969970703125,1651.0,1124.75,1655.1300048828125,1124.9000244140625,4974900,1450300
2019-03-04,1696.1700439453125,1147.800048828125,1696.1700439453125,1147.800048828125,1709.4300537109375,1158.280029296875,1674.3599853515625,1130.68994140625,1685.0,1146.989990234375,6167400,1446000
2019-03-05,1692.4300537109375,1162.030029296875,1692.4300537109375,1162.030029296875,1707.800048828125,1169.6099853515625,1689.010009765625,1146.1949462890625,1702.949951171875,1150.06005859375,3681500,1443200
2019-03-06,1668.949951171875,1157.8599853515625,1668.949951171875,1157.8599853515625,1697.75,1167.5660400390625,1668.280029296875,1155.489990234375,1695.969970703125,1162.489990234375,3996000,1099300
2019-03-07,1625.949951171875,1143.300048828125,1625.949951171875,1143.300048828125,1669.75,1156.7550048828125,1620.510009765625,1134.9100341796875,1667.3699951171875,1155.719970703125,4957000,1166600
2019-03-08,1620.800048828125,1142.3199462890625,1620.800048828125,1142.3199462890625,1622.719970703125,1147.0799560546875,1586.5699462890625,1123.300048828125,1604.010009765625,1126.72998046875,4667000,1212400
2019-03-11,1670.6199951171875,1175.760009765625,1670.6199951171875,1175.760009765625,1672.2900390625,1176.18994140625,1626.010009765625,1144.449951171875,1626.1199951171875,1144.449951171875,3876400,1719200
2019-03-12,1673.0999755859375,1193.199951171875,1673.0999755859375,1193.199951171875,1684.27001953125,1200.0,1660.97998046875,1178.260009765625,1669.0,1178.260009765625,3614500,2013100
2019-03-13,1690.81005859375,1193.3199462890625,1690.81005859375,1193.3199462890625,1700.0,1200.9300537109375,1679.3499755859375,1191.93994140625,1683.0,1200.64501953125,3552000,1435900
2019-03-14,1686.219970703125,1185.550048828125,1686.219970703125,1185.550048828125,1702.0,1197.8800048828125,1684.3399658203125,1184.47998046875,1691.199951171875,1194.510009765625,2946600,1172800
2019-03-15,1712.3599853515625,1184.4599609375,1712.3599853515625,1184.4599609375,1718.800048828125,1196.5699462890625,1693.1300048828125,1182.6099853515625,1703.0,1193.3800048828125,7550900,2461800
2019-03-18,1742.1500244140625,1184.260009765625,1742.1500244140625,1184.260009765625,1750.0,1190.0,1712.6300048828125,1177.4210205078125,1712.699951171875,1183.300048828125,5429100,1292600
2019-03-19,1761.8499755859375,1198.8499755859375,1761.8499755859375,1198.8499755859375,1784.1600341796875,1200.0,1753.510009765625,1185.8699951171875,1753.510009765625,1188.81005859375,6364200,1520700
2019-03-20,1797.27001953125,1223.969970703125,1797.27001953125,1223.969970703125,1799.5,1227.1400146484375,1767.030029296875,1196.1700439453125,1769.93994140625,1197.3499755859375,6265600,2227400
2019-03-21,1819.260009765625,1231.5400390625,1819.260009765625,1231.5400390625,1823.75,1231.7900390625,1787.280029296875,1213.1500244140625,1796.260009765625,1216.0,5767800,1204000
2019-03-22,1764.77001953125,1205.5,1764.77001953125,1205.5,1818.97998046875,1230.0,1763.1099853515625,1202.824951171875,1810.1700439453125,1226.3199462890625,6363000,1714200
2019-03-25,1774.260009765625,1193.0,1774.260009765625,1193.0,1782.6800537109375,1206.39794921875,1747.5,1187.0400390625,1757.7900390625,1196.9300537109375,5103800,1496800
2019-03-26,1783.760009765625,1184.6199951171875,1783.760009765625,1184.6199951171875,1805.77001953125,1202.8299560546875,1773.3599853515625,1176.719970703125,1793.0,1198.530029296875,4865900,1901200
2019-03-27,1765.699951171875,1173.02001953125,1765.699951171875,1173.02001953125,1787.5,1187.5589599609375,1745.6800537109375,1159.3699951171875,1784.1300048828125,1185.5,4324800,1400200
2019-03-28,1773.4200439453125,1168.489990234375,1773.4200439453125,1168.489990234375,1777.9300537109375,1171.56494140625,1753.469970703125,1159.4310302734375,1770.0,1171.5400390625,3043000,1012400
2019-03-29,1780.75,1173.31005859375,1780.75,1173.31005859375,1792.8599853515625,1178.989990234375,1776.6300048828125,1162.8800048828125,1786.5799560546875,1174.9000244140625,3320800,1269900
2019-04-01,1814.18994140625,1194.4300537109375,1814.18994140625,1194.4300537109375,1815.6700439453125,1196.6600341796875,1798.72998046875,1182.0,1800.1099853515625,1184.0999755859375,4238800,1252500
2019-04-02,1813.97998046875,1200.489990234375,1813.97998046875,1200.489990234375,1820.0,1201.3499755859375,1805.1199951171875,1185.7099609375,1811.02001953125,1195.3199462890625,3448100,827900
2019-04-03,1820.699951171875,1205.9200439453125,1820.699951171875,1205.9200439453125,1830.0,1216.300048828125,1809.6199951171875,1200.5,1826.719970703125,1207.47998046875,3980600,1017800
2019-04-04,1818.8599853515625,1215.0,1818.8599853515625,1215.0,1828.75,1215.6700439453125,1804.199951171875,1204.1300048828125,1820.6500244140625,1205.93994140625,3623900,950000
2019-04-05,1837.280029296875,1207.1500244140625,1837.280029296875,1207.1500244140625,1838.5799560546875,1216.219970703125,1825.18994140625,1205.030029296875,1829.0,1214.989990234375,3640500,907200
2019-04-08,1849.8599853515625,1203.8399658203125,1849.8599853515625,1203.8399658203125,1850.199951171875,1208.68994140625,1825.1099853515625,1199.8599853515625,1833.22998046875,1207.8900146484375,3752800,860200
2019-04-09,1835.8399658203125,1197.25,1835.8399658203125,1197.25,1853.0899658203125,1202.2900390625,1831.780029296875,1193.0799560546875,1845.489990234375,1196.0,3714400,876400
2019-04-10,1847.3299560546875,1202.1600341796875,1847.3299560546875,1202.1600341796875,1848.0,1203.7850341796875,1828.81005859375,1196.43505859375,1841.0,1200.6800537109375,2964000,724600
2019-04-11,1844.0699462890625,1204.6199951171875,1844.0699462890625,1204.6199951171875,1849.949951171875,1207.9599609375,1840.31005859375,1200.1300048828125,1848.699951171875,1203.9599609375,2654800,710200
2019-04-12,1843.06005859375,1217.8699951171875,1843.06005859375,1217.8699951171875,1851.5,1218.3499755859375,1841.300048828125,1208.1099853515625,1848.4000244140625,1210.0,3114400,933400
2019-04-15,1844.8699951171875,1221.0999755859375,1844.8699951171875,1221.0999755859375,1846.8499755859375,1224.199951171875,1818.9000244140625,1209.1099853515625,1842.0,1218.0,3724400,1187400
2019-04-16,1863.0400390625,1227.1300048828125,1863.0400390625,1227.1300048828125,1869.77001953125,1230.8199462890625,1848.0,1220.1199951171875,1851.3499755859375,1225.0,3044600,856300
2019-04-17,1864.8199462890625,1236.3399658203125,1864.8199462890625,1236.3399658203125,1876.469970703125,1240.56005859375,1860.43994140625,1227.8199462890625,1872.989990234375,1233.0,2893500,1221900
2019-04-18,1861.68994140625,1236.3699951171875,1861.68994140625,1236.3699951171875,1870.8199462890625,1242.0,1859.47998046875,1234.6099853515625,1868.7900390625,1239.1800537109375,2749900,1331800
2019-04-22,1887.31005859375,1248.8399658203125,1887.31005859375,1248.8399658203125,1888.4200439453125,1249.0899658203125,1845.6400146484375,1228.31005859375,1855.4000244140625,1235.989990234375,3373800,807300
2019-04-23,1923.77001953125,1264.550048828125,1923.77001953125,1264.550048828125,1929.260009765625,1269.0,1889.5799560546875,1246.3800048828125,1891.199951171875,1250.68994140625,4640400,1319900
2019-04-24,1901.75,1256.0,1901.75,1256.0,1929.68994140625,1268.010009765625,1898.1600341796875,1255.0,1925.0,1264.1199951171875,3675800,1018800
2019-04-25,1902.25,1263.449951171875,1902.25,1263.449951171875,1922.449951171875,1267.407958984375,1900.31005859375,1252.030029296875,1917.0,1264.77001953125,6099100,1107300
2019-04-26,1950.6300048828125,1272.1800537109375,1950.6300048828125,1272.1800537109375,1951.0,1273.0699462890625,1898.0,1260.3199462890625,1929.0,1269.0,8432600,1241400
2019-04-29,1938.4300537109375,1287.5799560546875,1938.4300537109375,1287.5799560546875,1956.3399658203125,1289.27001953125,1934.0899658203125,1266.2950439453125,1949.0,1274.0,4021300,2499400
2019-04-30,1926.52001953125,1188.47998046875,1926.52001953125,1188.47998046875,1935.7099609375,1192.81005859375,1906.949951171875,1175.0,1930.0999755859375,1185.0,3506000,6207000
2019-05-01,1911.52001953125,1168.0799560546875,1911.52001953125,1168.0799560546875,1943.6400146484375,1188.050048828125,1910.550048828125,1167.1800537109375,1933.0899658203125,1188.050048828125,3117000,2639200
2019-05-02,1900.8199462890625,1162.6099853515625,1900.8199462890625,1162.6099853515625,1921.550048828125,1174.18994140625,1881.8699951171875,1155.001953125,1913.3299560546875,1167.760009765625,3962900,1944800
2019-05-03,1962.4599609375,1185.4000244140625,1962.4599609375,1185.4000244140625,1964.4000244140625,1186.800048828125,1936.0,1169.0,1949.0,1173.6500244140625,6381600,1980700
2019-05-06,1950.550048828125,1189.3900146484375,1950.550048828125,1189.3900146484375,1959.0,1190.8499755859375,1910.5,1166.260009765625,1917.97998046875,1166.260009765625,5417800,1563900
2019-05-07,1921.0,1174.0999755859375,1921.0,1174.0999755859375,1949.0999755859375,1190.43994140625,1903.3800048828125,1161.0400390625,1939.989990234375,1180.469970703125,5902100,1551400
2019-05-08,1917.77001953125,1166.27001953125,1917.77001953125,1166.27001953125,1935.3699951171875,1180.4239501953125,1910.0,1165.739990234375,1918.8699951171875,1172.010009765625,4078600,1309300
2019-05-09,1899.8699951171875,1162.3800048828125,1899.8699951171875,1162.3800048828125,1909.4000244140625,1169.6600341796875,1876.0,1150.8499755859375,1900.0,1159.030029296875,5308300,1185700
2019-05-10,1889.97998046875,1164.27001953125,1889.97998046875,1164.27001953125,1903.7900390625,1172.5999755859375,1856.0,1142.5,1898.0,1163.5899658203125,5718000,1314500
2019-05-13,1822.6800537109375,1132.030029296875,1822.6800537109375,1132.030029296875,1846.5400390625,1147.93994140625,1818.0,1122.1099853515625,1836.56005859375,1141.9599609375,5783400,1860600
2019-05-14,1840.1199951171875,1120.43994140625,1840.1199951171875,1120.43994140625,1852.43994140625,1140.4200439453125,1815.75,1119.550048828125,1839.5,1137.2099609375,4629100,1836600
2019-05-15,1871.1500244140625,1164.2099609375,1871.1500244140625,1164.2099609375,1874.4300537109375,1171.3299560546875,1823.0,1116.666015625,1827.949951171875,1117.8699951171875,4692600,2289300
2019-05-16,1907.5699462890625,1178.97998046875,1907.5699462890625,1178.97998046875,1917.510009765625,1188.1600341796875,1882.2900390625,1162.8399658203125,1885.93994140625,1164.510009765625,4707800,1531400
2019-05-17,1869.0,1162.300048828125,1869.0,1162.300048828125,1910.530029296875,1180.1500244140625,1867.3299560546875,1160.010009765625,1893.050048828125,1168.469970703125,4736600,1208600
2019-05-20,1858.969970703125,1138.8499755859375,1858.969970703125,1138.8499755859375,1867.780029296875,1146.7969970703125,1835.5400390625,1131.4429931640625,1852.68994140625,1144.5,3798200,1353300
2019-05-21,1857.52001953125,1149.6300048828125,1857.52001953125,1149.6300048828125,1879.0,1152.7080078125,1846.0,1137.93994140625,1874.7900390625,1148.489990234375,4005100,1159800
2019-05-22,1859.6800537109375,1151.4200439453125,1859.6800537109375,1151.4200439453125,1871.489990234375,1158.52001953125,1851.0,1145.8900146484375,1851.780029296875,1146.75,2936600,914500
2019-05-23,1815.47998046875,1140.77001953125,1815.47998046875,1140.77001953125,1844.0,1145.9730224609375,1804.199951171875,1129.2239990234375,1836.5899658203125,1140.5,4424300,1198900
2019-05-24,1823.280029296875,1133.469970703125,1823.280029296875,1133.469970703125,1841.760009765625,1149.7650146484375,1817.8499755859375,1131.6600341796875,1835.8900146484375,1147.3599853515625,3369700,1112000
2019-05-28,1836.4300537109375,1134.1500244140625,1836.4300537109375,1134.1500244140625,1849.27001953125,1151.5870361328125,1827.3499755859375,1133.1199951171875,1832.75,1134.0,3200000,1365000
2019-05-29,1819.18994140625,1116.4599609375,1819.18994140625,1116.4599609375,1830.0,1129.0999755859375,1807.530029296875,1108.219970703125,1823.1199951171875,1127.52001953125,4279000,1538200
2019-05-30,1816.3199462890625,1117.949951171875,1816.3199462890625,1117.949951171875,1829.469970703125,1123.1300048828125,1807.8299560546875,1112.1199951171875,1825.489990234375,1115.5400390625,3146900,951900
2019-05-31,1775.0699462890625,1103.6300048828125,1775.0699462890625,1103.6300048828125,1795.5899658203125,1109.5999755859375,1772.699951171875,1100.1800537109375,1790.010009765625,1101.2900390625,4618800,1507800
2019-06-03,1692.68994140625,1036.22998046875,1692.68994140625,1036.22998046875,1766.2900390625,1065.5,1672.0,1025.0,1760.010009765625,1065.5,9098700,5130600
2019-06-04,1729.56005859375,1053.050048828125,1729.56005859375,1053.050048828125,1730.8199462890625,1056.050048828125,1680.8900146484375,1033.68994140625,1699.239990234375,1042.9000244140625,5679100,2833500
2019-06-05,1738.5,1042.219970703125,1738.5,1042.219970703125,1752.0,1053.550048828125,1715.25,1030.489990234375,1749.5999755859375,1051.5400390625,4239800,2168400
2019-06-06,1754.3599853515625,1044.3399658203125,1754.3599853515625,1044.3399658203125,1760.0,1047.489990234375,1726.1300048828125,1033.699951171875,1737.7099609375,1044.989990234375,3689300,1703200
2019-06-07,1804.030029296875,1066.0400390625,1804.030029296875,1066.0400390625,1806.25,1070.9200439453125,1759.489990234375,1048.4000244140625,1763.699951171875,1050.6300048828125,4808200,1802400
2019-06-10,1860.6300048828125,1080.3800048828125,1860.6300048828125,1080.3800048828125,1884.8699951171875,1092.6600341796875,1818.0,1072.322021484375,1822.0,1072.97998046875,5371000,1464200
2019-06-11,1863.699951171875,1078.719970703125,1863.699951171875,1078.719970703125,1893.699951171875,1101.989990234375,1858.0,1077.60302734375,1883.25,1093.97998046875,4042700,1436700
2019-06-12,1855.3199462890625,1077.030029296875,1855.3199462890625,1077.030029296875,1865.0,1080.9300537109375,1844.3800048828125,1067.5400390625,1853.97998046875,1078.0,2674500,1061000
2019-06-13,1870.300048828125,1088.77001953125,1870.300048828125,1088.77001953125,1883.0899658203125,1094.1700439453125,1862.219970703125,1080.1500244140625,1866.719970703125,1083.6400146484375,2795800,1057700
2019-06-14,1869.6700439453125,1085.3499755859375,1869.6700439453125,1085.3499755859375,1876.0,1092.68994140625,1859.0,1080.1719970703125,1864.0,1086.4200439453125,2851200,1111500
2019-06-17,1886.030029296875,1092.5,1886.030029296875,1092.5,1895.68994140625,1099.1800537109375,1875.449951171875,1086.280029296875,1876.5,1086.280029296875,2634300,941600
2019-06-18,1901.3699951171875,1103.5999755859375,1901.3699951171875,1103.5999755859375,1921.6700439453125,1116.3900146484375,1899.7900390625,1098.989990234375,1901.3499755859375,1109.68994140625,3895700,1386700
2019-06-19,1908.7900390625,1102.3299560546875,1908.7900390625,1102.3299560546875,1919.5799560546875,1107.0,1892.469970703125,1093.47998046875,1907.8399658203125,1105.5999755859375,2895300,1338800
2019-06-20,1918.18994140625,1111.4200439453125,1918.18994140625,1111.4200439453125,1935.199951171875,1120.1199951171875,1905.800048828125,1104.739990234375,1933.3299560546875,1119.989990234375,3217200,1262000
2019-06-21,1911.300048828125,1121.8800048828125,1911.300048828125,1121.8800048828125,1925.949951171875,1124.1099853515625,1907.5799560546875,1108.0799560546875,1916.0999755859375,1109.239990234375,3933600,1947600
2019-06-24,1913.9000244140625,1115.52001953125,1913.9000244140625,1115.52001953125,1916.8599853515625,1122.0,1901.300048828125,1111.010009765625,1912.6600341796875,1119.6099853515625,2283000,1395600
2019-06-25,1878.27001953125,1086.3499755859375,1878.27001953125,1086.3499755859375,1916.3900146484375,1114.3499755859375,1872.4200439453125,1083.800048828125,1911.8399658203125,1112.6600341796875,3012300,1546900
2019-06-26,1897.8299560546875,1079.800048828125,1897.8299560546875,1079.800048828125,1903.800048828125,1092.969970703125,1887.3199462890625,1072.239990234375,1892.47998046875,1086.5,2441900,1810900
2019-06-27,1904.280029296875,1076.010009765625,1904.280029296875,1076.010009765625,1911.239990234375,1087.0999755859375,1898.0400390625,1075.2900390625,1902.0,1084.0,2141700,1004300
2019-06-28,1893.6300048828125,1080.9100341796875,1893.6300048828125,1080.9100341796875,1912.93994140625,1081.0,1884.0,1073.3699951171875,1909.0999755859375,1076.3900146484375,3037400,1693200
2019-07-01,1922.18994140625,1097.949951171875,1922.18994140625,1097.949951171875,1929.8199462890625,1107.5799560546875,1914.6600341796875,1093.7030029296875,1922.97998046875,1098.0,3203300,1436300
2019-07-02,1934.31005859375,1111.25,1934.31005859375,1111.25,1934.7900390625,1111.77001953125,1906.6300048828125,1098.1700439453125,1919.3800048828125,1102.239990234375,2645900,991600
2019-07-03,1939.0,1121.5799560546875,1939.0,1121.5799560546875,1941.5899658203125,1126.760009765625,1930.5,1113.8599853515625,1935.8900146484375,1117.4100341796875,1690300,767000
2019-07-05,1942.9100341796875,1131.5899658203125,1942.9100341796875,1131.5899658203125,1945.9000244140625,1132.8800048828125,1925.300048828125,1116.1400146484375,1928.5999755859375,1117.800048828125,2628400,1264300
2019-07-08,1952.3199462890625,1116.3499755859375,1952.3199462890625,1116.3499755859375,1956.0,1125.97998046875,1928.25,1111.2099609375,1934.1199951171875,1125.1700439453125,2883400,1236400
2019-07-09,1988.300048828125,1124.8299560546875,1988.300048828125,1124.8299560546875,1990.010009765625,1128.0250244140625,1943.47998046875,1107.1700439453125,1947.800048828125,1111.800048828125,4345700,1330400
2019-07-10,2017.4100341796875,1140.47998046875,2017.4100341796875,1140.47998046875,2024.93994140625,1142.050048828125,1995.4000244140625,1130.969970703125,1996.510009765625,1131.219970703125,4931900,1209500
2019-07-11,2001.0699462890625,1144.2099609375,2001.0699462890625,1144.2099609375,2035.800048828125,1153.0699462890625,1995.300048828125,1139.5799560546875,2025.6199951171875,1143.25,4317800,1195500
2019-07-12,2011.0,1144.9000244140625,2011.0,1144.9000244140625,2017.0,1147.3399658203125,2003.8699951171875,1138.780029296875,2008.27001953125,1143.989990234375,2509300,864000
2019-07-15,2020.989990234375,1150.3399658203125,2020.989990234375,1150.3399658203125,2022.9000244140625,1150.8199462890625,2001.550048828125,1139.4000244140625,2021.4000244140625,1146.8599853515625,2981300,903800
2019-07-16,2009.9000244140625,1153.5799560546875,2009.9000244140625,1153.5799560546875,2026.3199462890625,1158.5799560546875,2001.219970703125,1145.0,2010.5799560546875,1146.0,2618200,1238800
2019-07-17,1992.030029296875,1146.3499755859375,1992.030029296875,1146.3499755859375,2012.0,1158.3599853515625,1992.030029296875,1145.77001953125,2007.050048828125,1150.969970703125,2558800,1170000
2019-07-18,1977.9000244140625,1146.3299560546875,1977.9000244140625,1146.3299560546875,1987.5,1147.60498046875,1951.550048828125,1132.72998046875,1980.010009765625,1141.739990234375,3504300,1291300
2019-07-19,1964.52001953125,1130.0999755859375,1964.52001953125,1130.0999755859375,1996.0,1151.1400146484375,1962.22998046875,1129.6199951171875,1991.2099609375,1148.18994140625,3185600,1647200
2019-07-22,1985.6300048828125,1138.0699462890625,1985.6300048828125,1138.0699462890625,1989.0,1139.25,1958.260009765625,1124.239990234375,1971.1400146484375,1133.449951171875,2900000,1301500
2019-07-23,1994.489990234375,1146.2099609375,1994.489990234375,1146.2099609375,1997.7900390625,1146.9000244140625,1973.1300048828125,1131.800048828125,1995.989990234375,1144.0,2703500,1093700
2019-07-24,2000.81005859375,1137.81005859375,2000.81005859375,1137.81005859375,2001.300048828125,1144.0,1965.8699951171875,1126.989990234375,1969.300048828125,1131.9000244140625,2631300,1589800
2019-07-25,1973.8199462890625,1132.1199951171875,1973.8199462890625,1132.1199951171875,2001.199951171875,1141.699951171875,1972.719970703125,1120.9200439453125,2001.0,1137.8199462890625,4136500,2209800
2019-07-26,1943.050048828125,1250.4100341796875,1943.050048828125,1250.4100341796875,1950.9000244140625,1265.550048828125,1924.510009765625,1224.0,1942.0,1224.0400390625,4927100,4805800
2019-07-29,1912.449951171875,1239.4100341796875,1912.449951171875,1239.4100341796875,1932.22998046875,1247.3699951171875,1890.5400390625,1228.22998046875,1930.0,1241.050048828125,4493200,2223700
2019-07-30,1898.530029296875,1225.1400146484375,1898.530029296875,1225.1400146484375,1909.8900146484375,1234.8699951171875,1883.47998046875,1223.300048828125,1891.1199951171875,1225.4100341796875,2910900,1453300
2019-07-31,1866.780029296875,1216.6800537109375,1866.780029296875,1216.6800537109375,1899.550048828125,1234.0,1849.43994140625,1207.7640380859375,1898.1099853515625,1223.0,4470700,1725500
2019-08-01,1855.3199462890625,1209.010009765625,1855.3199462890625,1209.010009765625,1897.9200439453125,1234.1099853515625,1844.010009765625,1205.719970703125,1871.719970703125,1214.030029296875,4713300,1698500
2019-08-02,1823.239990234375,1193.989990234375,1823.239990234375,1193.989990234375,1846.3599853515625,1206.9000244140625,1808.02001953125,1188.93994140625,1845.0699462890625,1200.739990234375,4956200,1645100
2019-08-05,1765.1300048828125,1152.3199462890625,1765.1300048828125,1152.3199462890625,1788.6700439453125,1175.239990234375,1748.780029296875,1140.1400146484375,1770.219970703125,1170.0400390625,6058200,2597500
2019-08-06,1787.8299560546875,1169.949951171875,1787.8299560546875,1169.949951171875,1793.77001953125,1179.9599609375,1753.4000244140625,1160.0,1792.22998046875,1163.31005859375,5070300,1709400
2019-08-07,1793.4000244140625,1173.989990234375,1793.4000244140625,1173.989990234375,1798.9300537109375,1178.4449462890625,1757.0,1149.6240234375,1773.989990234375,1156.0,4526900,1444300
2019-08-08,1832.8900146484375,1204.800048828125,1832.8900146484375,1204.800048828125,1834.260009765625,1205.010009765625,1798.1099853515625,1173.02001953125,1806.0,1182.8299560546875,3701200,1468000
2019-08-09,1807.5799560546875,1188.010009765625,1807.5799560546875,1188.010009765625,1831.0899658203125,1203.8800048828125,1802.219970703125,1183.60302734375,1828.949951171875,1197.989990234375,2879800,1065700
2019-08-12,1784.9200439453125,1174.7099609375,1784.9200439453125,1174.7099609375,1800.97998046875,1184.9599609375,1777.0,1167.6719970703125,1795.989990234375,1179.2099609375,2905500,1003000
2019-08-13,1824.3399658203125,1197.27001953125,1824.3399658203125,1197.27001953125,1831.739990234375,1204.780029296875,1780.0,1171.4599609375,1783.0,1171.4599609375,3994000,1294400
2019-08-14,1762.9599609375,1164.2900390625,1762.9599609375,1164.2900390625,1795.6500244140625,1182.300048828125,1757.219970703125,1160.5400390625,1793.010009765625,1176.31005859375,4893600,1578700
2019-08-15,1776.1199951171875,1167.260009765625,1776.1199951171875,1167.260009765625,1788.0,1175.8399658203125,1761.9599609375,1162.1099853515625,1781.989990234375,1163.5,3759100,1218700
2019-08-16,1792.5699462890625,1177.5999755859375,1792.5699462890625,1177.5999755859375,1802.9100341796875,1182.719970703125,1784.550048828125,1171.81005859375,1792.8900146484375,1179.550048828125,3018000,1313300
2019-08-19,1816.1199951171875,1198.449951171875,1816.1199951171875,1198.449951171875,1826.0,1206.989990234375,1812.6099853515625,1190.0899658203125,1818.0799560546875,1190.0899658203125,2816300,1231600
2019-08-20,1801.3800048828125,1182.68994140625,1801.3800048828125,1182.68994140625,1816.8199462890625,1196.06005859375,1799.8800048828125,1182.1099853515625,1814.5,1195.25,1929500,915500
2019-08-21,1823.5400390625,1191.25,1823.5400390625,1191.25,1829.5799560546875,1199.0,1815.0,1187.4300537109375,1819.3900146484375,1193.1500244140625,2031800,740700
2019-08-22,1804.6600341796875,1189.530029296875,1804.6600341796875,1189.530029296875,1829.4100341796875,1198.011962890625,1800.0999755859375,1178.5799560546875,1828.0,1194.0699462890625,2653500,947500
2019-08-23,1749.6199951171875,1151.2900390625,1749.6199951171875,1151.2900390625,1804.9000244140625,1194.0799560546875,1745.22998046875,1147.75,1793.030029296875,1181.989990234375,5270800,1687000
2019-08-26,1768.8699951171875,1168.8900146484375,1768.8699951171875,1168.8900146484375,1770.0,1169.469970703125,1743.510009765625,1152.9599609375,1766.9100341796875,1157.260009765625,3080000,1226100
2019-08-27,1761.8299560546875,1167.8399658203125,1761.8299560546875,1167.8399658203125,1779.4000244140625,1182.4000244140625,1746.6800537109375,1161.449951171875,1775.72998046875,1180.530029296875,3019700,1077200
2019-08-28,1764.25,1171.02001953125,1764.25,1171.02001953125,1767.8599853515625,1176.4200439453125,1744.050048828125,1157.300048828125,1755.0,1161.7099609375,2419700,802000
2019-08-29,1786.4000244140625,1192.8499755859375,1786.4000244140625,1192.8499755859375,1798.550048828125,1196.06005859375,1777.25,1181.1199951171875,1783.0,1181.1199951171875,3015100,1088400
2019-08-30,1776.2900390625,1188.0999755859375,1776.2900390625,1188.0999755859375,1799.739990234375,1198.5,1764.5699462890625,1183.802978515625,1797.489990234375,1198.5,3058700,1129800
2019-09-03,1789.8399658203125,1168.3900146484375,1789.8399658203125,1168.3900146484375,1800.800048828125,1186.8900146484375,1768.0,1163.199951171875,1770.0,1177.030029296875,3543000,1479900
2019-09-04,1800.6199951171875,1181.4100341796875,1800.6199951171875,1181.4100341796875,1807.6300048828125,1183.47998046875,1796.22998046875,1171.0,1805.0,1176.7099609375,2324100,1068900
2019-09-05,1840.719970703125,1211.3800048828125,1840.719970703125,1211.3800048828125,1842.0,1213.0400390625,1815.5799560546875,1191.530029296875,1821.949951171875,1191.530029296875,3310800,1408100
2019-09-06,1833.510009765625,1204.9300537109375,1833.510009765625,1204.9300537109375,1840.6500244140625,1212.0150146484375,1826.4000244140625,1202.52197265625,1838.219970703125,1208.1300048828125,2496900,1072100
2019-09-09,1831.3499755859375,1204.4100341796875,1831.3499755859375,1204.4100341796875,1850.0,1220.0,1824.6099853515625,1192.6199951171875,1841.0,1204.0,2999500,1471900
2019-09-10,1820.550048828125,1206.0,1820.550048828125,1206.0,1825.81005859375,1210.0,1805.3399658203125,1194.5799560546875,1822.75,1195.1500244140625,2613900,1260100
2019-09-11,1822.989990234375,1220.1700439453125,1822.989990234375,1220.1700439453125,1833.4200439453125,1222.5999755859375,1809.0799560546875,1202.199951171875,1812.1400146484375,1203.4100341796875,2432800,1307000
2019-09-12,1843.550048828125,1234.25,1843.550048828125,1234.25,1853.6600341796875,1241.8599853515625,1834.280029296875,1223.02001953125,1837.6300048828125,1224.300048828125,2823500,1725900
2019-09-13,1839.3399658203125,1239.56005859375,1839.3399658203125,1239.56005859375,1846.1199951171875,1240.8800048828125,1835.1700439453125,1227.010009765625,1842.010009765625,1231.3499755859375,1971300,1301400
2019-09-16,1807.8399658203125,1231.300048828125,1807.8399658203125,1231.300048828125,1825.68994140625,1239.56005859375,1800.199951171875,1225.6099853515625,1824.02001953125,1229.52001953125,3675500,1053300
2019-09-17,1822.550048828125,1229.1500244140625,1822.550048828125,1229.1500244140625,1823.989990234375,1235.0,1804.0999755859375,1223.68994140625,1807.0799560546875,1230.4000244140625,1982400,955100
2019-09-18,1817.4599609375,1232.4100341796875,1817.4599609375,1232.4100341796875,1822.06005859375,1235.6099853515625,1795.5,1216.530029296875,1817.0400390625,1227.510009765625,2505600,1135100
2019-09-19,1821.5,1238.7099609375,1821.5,1238.7099609375,1832.5699462890625,1244.43994140625,1817.9000244140625,1232.02001953125,1821.02001953125,1232.06005859375,2031500,996000
2019-09-20,1794.1600341796875,1229.9300537109375,1794.1600341796875,1229.9300537109375,1830.6300048828125,1243.3199462890625,1780.9200439453125,1223.0799560546875,1821.7099609375,1233.1199951171875,5341900,2270000
2019-09-23,1785.300048828125,1234.030029296875,1785.300048828125,1234.030029296875,1792.699951171875,1239.0899658203125,1767.3199462890625,1224.1700439453125,1777.0,1226.0,2922300,1062400
2019-09-24,1741.6099853515625,1218.760009765625,1741.6099853515625,1218.760009765625,1795.7099609375,1246.739990234375,1735.550048828125,1210.6800537109375,1790.6099853515625,1240.0,4616000,1583200
2019-09-25,1768.3299560546875,1246.52001953125,1768.3299560546875,1246.52001953125,1773.0,1248.300048828125,1723.0,1210.0899658203125,1747.3599853515625,1215.8199462890625,3493200,1453000
2019-09-26,1739.8399658203125,1241.3900146484375,1739.8399658203125,1241.3900146484375,1763.3699951171875,1245.0,1731.5,1232.2679443359375,1762.7900390625,1241.9599609375,3536800,1538000
2019-09-27,1725.449951171875,1225.0899658203125,1725.449951171875,1225.0899658203125,1749.1199951171875,1244.02001953125,1713.8199462890625,1214.449951171875,1748.0,1243.010009765625,3907200,1353900
2019-09-30,1735.9100341796875,1219.0,1735.9100341796875,1219.0,1737.4599609375,1226.0,1709.219970703125,1212.300048828125,1726.989990234375,1220.969970703125,2644700,1404100
2019-10-01,1735.6500244140625,1205.0999755859375,1735.6500244140625,1205.0999755859375,1755.5999755859375,1231.22998046875,1728.4100341796875,1203.5799560546875,1746.0,1219.0,3084500,1273500
2019-10-02,1713.22998046875,1176.6300048828125,1713.22998046875,1176.6300048828125,1728.8900146484375,1196.97998046875,1705.0,1171.2900390625,1727.739990234375,1196.97998046875,3301100,1615100
2019-10-03,1724.4200439453125,1187.8299560546875,1724.4200439453125,1187.8299560546875,1725.0,1189.06005859375,1685.06005859375,1162.4300537109375,1713.0,1180.0,3468200,1621200
2019-10-04,1739.6500244140625,1209.0,1739.6500244140625,1209.0,1740.5799560546875,1211.43994140625,1719.22998046875,1189.1700439453125,1726.02001953125,1191.8900146484375,2471900,1162400
2019-10-07,1732.6600341796875,1207.6800537109375,1732.6600341796875,1207.6800537109375,1747.8299560546875,1218.2039794921875,1723.699951171875,1203.75,1731.6300048828125,1204.4000244140625,2154700,842900
2019-10-08,1705.510009765625,1189.1300048828125,1705.510009765625,1189.1300048828125,1727.0,1206.0799560546875,1705.0,1189.010009765625,1722.489990234375,1197.5899658203125,2542000,1039300
2019-10-09,1721.989990234375,1202.31005859375,1721.989990234375,1202.31005859375,1729.949951171875,1208.3499755859375,1714.3599853515625,1197.6300048828125,1719.6099853515625,1199.3499755859375,2043500,867700
2019-10-10,1720.260009765625,1208.6700439453125,1720.260009765625,1208.6700439453125,1738.2900390625,1215.0,1713.75,1197.3399658203125,1725.239990234375,1198.5799560546875,2575200,846600
2019-10-11,1731.9200439453125,1215.449951171875,1731.9200439453125,1215.449951171875,1745.449951171875,1228.3900146484375,1729.8599853515625,1213.739990234375,1742.9200439453125,1222.2099609375,3255000,1272700
2019-10-14,1736.4300537109375,1217.1400146484375,1736.4300537109375,1217.1400146484375,1741.8900146484375,1226.3299560546875,1722.0,1211.760009765625,1728.9100341796875,1212.3399658203125,1910200,867500
2019-10-15,1767.3800048828125,1243.010009765625,1767.3800048828125,1243.010009765625,1776.449951171875,1247.3299560546875,1740.6199951171875,1220.4000244140625,1742.1400146484375,1220.4000244140625,3111700,1381700
2019-10-16,1777.4300537109375,1243.6400146484375,1777.4300537109375,1243.6400146484375,1786.239990234375,1254.739990234375,1770.52001953125,1238.449951171875,1773.3299560546875,1241.1700439453125,2763400,1094600
2019-10-17,1787.47998046875,1253.0699462890625,1787.47998046875,1253.0699462890625,1798.8499755859375,1263.324951171875,1782.02001953125,1249.93994140625,1796.489990234375,1250.9300537109375,2647400,952400
2019-10-18,1757.510009765625,1245.489990234375,1757.510009765625,1245.489990234375,1793.97998046875,1258.8900146484375,1749.199951171875,1241.0799560546875,1787.800048828125,1253.4599609375,3362500,1352800
2019-10-21,1785.6600341796875,1246.1500244140625,1785.6600341796875,1246.1500244140625,1785.8800048828125,1254.6290283203125,1765.0,1240.5999755859375,1769.6600341796875,1252.260009765625,2130400,1027200
2019-10-22,1765.72998046875,1242.800048828125,1765.72998046875,1242.800048828125,1789.780029296875,1250.5999755859375,1762.0,1241.3800048828125,1788.1500244140625,1247.8499755859375,2111700,1023800
2019-10-23,1762.1700439453125,1259.1300048828125,1762.1700439453125,1259.1300048828125,1770.050048828125,1259.8900146484375,1742.0,1242.3599853515625,1761.300048828125,1242.3599853515625,2138200,911500
2019-10-24,1780.780029296875,1260.989990234375,1780.780029296875,1260.989990234375,1788.3399658203125,1264.0,1760.27001953125,1253.7149658203125,1771.0899658203125,1260.9000244140625,4446100,1028100
2019-10-25,1761.3299560546875,1265.1300048828125,1761.3299560546875,1265.1300048828125,1764.2099609375,1269.5999755859375,1695.0,1250.010009765625,1697.550048828125,1251.030029296875,9626400,1213100
2019-10-28,1777.0799560546875,1290.0,1777.0799560546875,1290.0,1778.699951171875,1299.31005859375,1742.5,1272.5400390625,1748.06005859375,1275.449951171875,3708900,2613200
2019-10-29,1762.7099609375,1262.6199951171875,1762.7099609375,1262.6199951171875,1777.0,1281.5899658203125,1755.81005859375,1257.2120361328125,1774.81005859375,1276.22998046875,2276900,1886400
2019-10-30,1779.989990234375,1261.2900390625,1779.989990234375,1261.2900390625,1782.3800048828125,1269.3599853515625,1759.1199951171875,1252.0,1760.239990234375,1252.969970703125,2449400,1408900
2019-10-31,1776.6600341796875,1260.1099853515625,1776.6600341796875,1260.1099853515625,1792.0,1267.6700439453125,1771.47998046875,1250.843017578125,1775.989990234375,1261.280029296875,2781200,1455700
2019-11-01,1791.43994140625,1273.739990234375,1791.43994140625,1273.739990234375,1797.449951171875,1274.6199951171875,1785.2099609375,1260.5,1788.010009765625,1265.0,2790400,1670100
2019-11-04,1804.6600341796875,1291.3699951171875,1804.6600341796875,1291.3699951171875,1815.06005859375,1294.1300048828125,1801.010009765625,1276.35498046875,1801.010009765625,1276.449951171875,2771900,1501000
2019-11-05,1801.7099609375,1292.030029296875,1801.7099609375,1292.030029296875,1810.25,1298.9300537109375,1794.0,1291.22900390625,1809.1600341796875,1292.8900146484375,1885500,1282700
2019-11-06,1795.77001953125,1291.800048828125,1795.77001953125,1291.800048828125,1802.5,1293.72998046875,1788.5799560546875,1282.5,1801.0,1289.4599609375,2029800,1152700
2019-11-07,1788.199951171875,1308.8599853515625,1788.199951171875,1308.8599853515625,1805.9000244140625,1323.739990234375,1783.47998046875,1294.2449951171875,1803.760009765625,1294.280029296875,2651100,2030000
2019-11-08,1785.8800048828125,1311.3699951171875,1785.8800048828125,1311.3699951171875,1789.8800048828125,1318.0,1774.0400390625,1304.364990234375,1787.8900146484375,1305.280029296875,2123300,1251400
2019-11-11,1771.6500244140625,1299.18994140625,1771.6500244140625,1299.18994140625,1780.0,1306.425048828125,1767.1300048828125,1297.4100341796875,1778.0,1303.1800537109375,1946000,1011900
2019-11-12,1778.0,1298.800048828125,1778.0,1298.800048828125,1786.219970703125,1310.0,1771.9100341796875,1295.77001953125,1774.6600341796875,1300.0,2037600,1085900
2019-11-13,1753.1099853515625,1298.0,1753.1099853515625,1298.0,1775.0,1304.300048828125,1747.3199462890625,1293.510009765625,1773.3900146484375,1294.0699462890625,2989500,826700
2019-11-14,1754.5999755859375,1311.4599609375,1754.5999755859375,1311.4599609375,1766.5899658203125,1317.0,1749.56005859375,1295.6500244140625,1751.4300537109375,1297.5,2264800,1193500
2019-11-15,1739.489990234375,1334.8699951171875,1739.489990234375,1334.8699951171875,1761.6800537109375,1334.8800048828125,1732.8599853515625,1314.280029296875,1760.050048828125,1318.93994140625,3927600,1782600
2019-11-18,1752.530029296875,1320.699951171875,1752.530029296875,1320.699951171875,1753.699951171875,1335.529052734375,1722.7099609375,1317.5,1738.300048828125,1332.219970703125,2839500,1487400
2019-11-19,1752.7900390625,1315.4599609375,1752.7900390625,1315.4599609375,1760.6800537109375,1327.699951171875,1743.030029296875,1312.800048828125,1756.989990234375,1327.699951171875,2270800,1269200
2019-11-20,1745.530029296875,1303.050048828125,1745.530029296875,1303.050048828125,1762.52001953125,1315.0,1734.1199951171875,1291.1500244140625,1749.1400146484375,1311.739990234375,2790000,1308600
2019-11-21,1734.7099609375,1301.3499755859375,1734.7099609375,1301.3499755859375,1746.8699951171875,1312.5899658203125,1730.3599853515625,1293.0,1743.0,1301.47998046875,2662900,995500
2019-11-22,1745.719970703125,1295.3399658203125,1745.719970703125,1295.3399658203125,1746.4300537109375,1308.72998046875,1731.0,1291.4100341796875,1739.02001953125,1305.6199951171875,2479100,1385700
2019-11-25,1773.8399658203125,1306.68994140625,1773.8399658203125,1306.68994140625,1777.4200439453125,1311.31005859375,1753.239990234375,1298.1300048828125,1753.25,1299.1800537109375,3486200,1036200
2019-11-26,1796.93994140625,1313.550048828125,1796.93994140625,1313.550048828125,1797.030029296875,1314.800048828125,1778.3499755859375,1305.0899658203125,1779.9200439453125,1309.8599853515625,3181200,1069700
2019-11-27,1818.510009765625,1312.989990234375,1818.510009765625,1312.989990234375,1824.5,1318.3599853515625,1797.31005859375,1309.6300048828125,1801.0,1315.0,3025600,995600
2019-11-29,1800.800048828125,1304.9599609375,1800.800048828125,1304.9599609375,1824.68994140625,1310.2049560546875,1800.7900390625,1303.969970703125,1817.780029296875,1307.1199951171875,1923400,587000
2019-12-02,1781.5999755859375,1289.9200439453125,1781.5999755859375,1289.9200439453125,1805.550048828125,1305.8299560546875,1762.6800537109375,1281.0,1804.4000244140625,1301.0,3925600,1510900
2019-12-03,1769.9599609375,1295.280029296875,1769.9599609375,1295.280029296875,1772.8699951171875,1298.4610595703125,1747.22998046875,1279.0,1760.0,1279.5699462890625,3380900,1143800
2019-12-04,1760.68994140625,1320.5400390625,1760.68994140625,1320.5400390625,1789.0899658203125,1325.800048828125,1760.219970703125,1304.8699951171875,1774.010009765625,1307.010009765625,2670100,1537500
2019-12-05,1740.47998046875,1328.1300048828125,1740.47998046875,1328.1300048828125,1763.5,1329.3580322265625,1740.0,1316.43994140625,1763.5,1328.0,2823800,1212700
2019-12-06,1751.5999755859375,1340.6199951171875,1751.5999755859375,1340.6199951171875,1754.4000244140625,1344.0,1740.1300048828125,1333.43994140625,1751.199951171875,1333.43994140625,3117400,1314800
2019-12-09,1749.510009765625,1343.56005859375,1749.510009765625,1343.56005859375,1766.8900146484375,1359.449951171875,1745.6099853515625,1337.8399658203125,1750.6600341796875,1338.0400390625,2442800,1354300
2019-12-10,1739.2099609375,1344.6600341796875,1739.2099609375,1344.6600341796875,1750.6700439453125,1349.9749755859375,1735.0,1336.0400390625,1747.4000244140625,1341.5,2514300,1094100
2019-12-11,1748.719970703125,1345.02001953125,1748.719970703125,1345.02001953125,1750.0,1351.199951171875,1735.7099609375,1342.6700439453125,1741.6700439453125,1350.8399658203125,2097600,850400
2019-12-12,1760.3299560546875,1350.27001953125,1760.3299560546875,1350.27001953125,1764.0,1355.7750244140625,1745.43994140625,1340.5,1750.0,1345.93994140625,3095900,1281000
2019-12-13,1760.93994140625,1347.8299560546875,1760.93994140625,1347.8299560546875,1768.989990234375,1353.093017578125,1755.0,1343.8699951171875,1765.0,1347.949951171875,2745700,1549600
2019-12-16,1769.2099609375,1361.1700439453125,1769.2099609375,1361.1700439453125,1769.5,1364.6800537109375,1757.050048828125,1352.6700439453125,1767.0,1356.5,3145200,1397300
2019-12-17,1790.6600341796875,1355.1199951171875,1790.6600341796875,1355.1199951171875,1792.0,1365.0,1777.3900146484375,1351.322998046875,1778.010009765625,1362.8900146484375,3644400,1854000
2019-12-18,1784.030029296875,1352.6199951171875,1784.030029296875,1352.6199951171875,1798.199951171875,1360.469970703125,1782.3599853515625,1351.0,1795.02001953125,1356.5999755859375,3351400,1522600
2019-12-19,1792.280029296875,1356.0400390625,1792.280029296875,1356.0400390625,1792.989990234375,1358.0999755859375,1774.06005859375,1348.9849853515625,1780.5,1351.8199462890625,2652800,1469900
2019-12-20,1786.5,1349.5899658203125,1786.5,1349.5899658203125,1802.969970703125,1363.6400146484375,1782.449951171875,1349.0,1799.6199951171875,1363.3499755859375,5150800,3315000
2019-12-23,1793.0,1348.8399658203125,1793.0,1348.8399658203125,1793.0,1359.800048828125,1784.510009765625,1346.510009765625,1788.260009765625,1355.8699951171875,2136400,883100
2019-12-24,1789.2099609375,1343.56005859375,1789.2099609375,1343.56005859375,1795.5699462890625,1350.260009765625,1787.5799560546875,1342.780029296875,1793.81005859375,1348.5,881300,347500
2019-12-26,1868.77001953125,1360.4000244140625,1868.77001953125,1360.4000244140625,1870.4599609375,1361.3270263671875,1799.5,1344.469970703125,1801.010009765625,1346.1700439453125,6005400,667500
2019-12-27,1869.800048828125,1351.8900146484375,1869.800048828125,1351.8900146484375,1901.4000244140625,1364.530029296875,1866.010009765625,1349.31005859375,1882.9200439453125,1362.989990234375,6186600,1038400
2019-12-30,1846.8900146484375,1336.1400146484375,1846.8900146484375,1336.1400146484375,1884.0,1353.0,1840.6199951171875,1334.02001953125,1874.0,1350.0,3674700,1050900
2019-12-31,1847.8399658203125,1337.02001953125,1847.8399658203125,1337.02001953125,1853.260009765625,1338.0,1832.22998046875,1329.0849609375,1842.0,1330.1099853515625,2506500,961800
2020-01-02,1898.010009765625,1367.3699951171875,1898.010009765625,1367.3699951171875,1898.010009765625,1368.1400146484375,1864.1500244140625,1341.550048828125,1875.0,1341.550048828125,4029000,1406600
2020-01-03,1874.969970703125,1360.6600341796875,1874.969970703125,1360.6600341796875,1886.199951171875,1372.5,1864.5,1345.5439453125,1864.5,1347.8599853515625,3764400,1186400
2020-01-06,1902.8800048828125,1394.2099609375,1902.8800048828125,1394.2099609375,1903.68994140625,1396.5,1860.0,1350.0,1860.0,1350.0,4061800,1732300
2020-01-07,1906.8599853515625,1393.3399658203125,1906.8599853515625,1393.3399658203125,1913.8900146484375,1402.989990234375,1892.0400390625,1390.3800048828125,1904.5,1397.93994140625,4044900,1502700
2020-01-08,1891.969970703125,1404.3199462890625,1891.969970703125,1404.3199462890625,1911.0,1411.5799560546875,1886.43994140625,1390.8399658203125,1898.0400390625,1392.0799560546875,3508000,1528000
2020-01-09,1901.050048828125,1419.8299560546875,1901.050048828125,1419.8299560546875,1917.8199462890625,1427.3299560546875,1895.800048828125,1410.27001953125,1909.8900146484375,1420.5699462890625,3167300,1500900
2020-01-10,1883.1600341796875,1429.72998046875,1883.1600341796875,1429.72998046875,1906.93994140625,1434.928955078125,1880.0,1418.3499755859375,1905.3699951171875,1427.56005859375,2853700,1820700
2020-01-13,1891.300048828125,1439.22998046875,1891.300048828125,1439.22998046875,1898.0,1440.52001953125,1880.800048828125,1426.02001953125,1891.31005859375,1436.1300048828125,2780800,1652300
2020-01-14,1869.43994140625,1430.8800048828125,1869.43994140625,1430.8800048828125,1887.1099853515625,1441.800048828125,1858.550048828125,1428.3699951171875,1885.8800048828125,1439.010009765625,3440900,1558900
2020-01-15,1862.02001953125,1439.199951171875,1862.02001953125,1439.199951171875,1878.8599853515625,1441.39501953125,1855.0899658203125,1430.2099609375,1872.25,1430.2099609375,2896600,1282700
2020-01-16,1877.93994140625,1451.699951171875,1877.93994140625,1451.699951171875,1885.5899658203125,1451.989990234375,1866.02001953125,1440.9200439453125,1882.989990234375,1447.43994140625,2659500,1173700
2020-01-17,1864.719970703125,1480.3900146484375,1864.719970703125,1480.3900146484375,1886.6400146484375,1481.2950439453125,1857.25,1458.219970703125,1885.8900146484375,1462.9100341796875,3997300,2396200
2020-01-21,1892.0,1484.4000244140625,1892.0,1484.4000244140625,1894.27001953125,1491.8499755859375,1860.0,1471.199951171875,1865.0,1479.1199951171875,3707800,2036700
2020-01-22,1887.4599609375,1485.949951171875,1887.4599609375,1485.949951171875,1902.5,1503.2139892578125,1883.3399658203125,1484.9300537109375,1896.0899658203125,1491.0,3216300,1610800
2020-01-23,1884.5799560546875,1486.6500244140625,1884.5799560546875,1486.6500244140625,1889.97998046875,1495.52001953125,1872.760009765625,1482.0999755859375,1885.1099853515625,1487.6400146484375,2484600,1351200
2020-01-24,1861.6400146484375,1466.7099609375,1861.6400146484375,1466.7099609375,1894.989990234375,1495.4949951171875,1847.43994140625,1465.25,1891.3699951171875,1493.5899658203125,3766200,1784600
2020-01-27,1828.3399658203125,1433.9000244140625,1828.3399658203125,1433.9000244140625,1841.0,1438.0699462890625,1815.3399658203125,1421.199951171875,1820.0,1431.0,3528500,1755200
2020-01-28,1853.25,1452.56005859375,1853.25,1452.56005859375,1858.1099853515625,1456.0,1830.02001953125,1432.469970703125,1840.5,1443.0,2808000,1577400
2020-01-29,1858.0,1458.6300048828125,1858.0,1458.6300048828125,1874.75,1465.4300537109375,1855.02001953125,1446.739990234375,1864.0,1458.800048828125,2088000,1077700
2020-01-30,1870.6800537109375,1455.8399658203125,1870.6800537109375,1455.8399658203125,1872.8699951171875,1457.280029296875,1850.6099853515625,1436.4000244140625,1858.0,1439.9599609375,6327400,1339400
2020-01-31,2008.719970703125,1434.22998046875,2008.719970703125,1434.22998046875,2055.719970703125,1470.1300048828125,2002.27001953125,1428.530029296875,2051.469970703125,1468.9000244140625,15567300,2417200
2020-02-03,2004.199951171875,1485.93994140625,2004.199951171875,1485.93994140625,2048.5,1490.0,2000.25,1458.989990234375,2010.5999755859375,1462.0,5899100,3055200
2020-02-04,2049.669921875,1447.0699462890625,2049.669921875,1447.0699462890625,2059.800048828125,1469.5,2015.3699951171875,1426.300048828125,2029.8800048828125,1457.0699462890625,5289300,3933000
2020-02-05,2039.8699951171875,1448.22998046875,2039.8699951171875,1448.22998046875,2071.02001953125,1463.8399658203125,2032.0,1430.56005859375,2071.02001953125,1462.4200439453125,4376200,1986200
2020-02-06,2050.22998046875,1476.22998046875,2050.22998046875,1476.22998046875,2056.300048828125,1482.0,2024.800048828125,1449.5699462890625,2041.02001953125,1450.3299560546875,3183000,1679400
2020-02-07,2079.280029296875,1479.22998046875,2079.280029296875,1479.22998046875,2098.530029296875,1485.8399658203125,2038.0999755859375,1466.3499755859375,2041.989990234375,1467.300048828125,5095300,1172300
2020-02-10,2133.909912109375,1508.6800537109375,2133.909912109375,1508.6800537109375,2135.60009765625,1509.5,2084.9599609375,1474.3199462890625,2085.010009765625,1474.3199462890625,5056200,1419900
2020-02-11,2150.800048828125,1508.7900390625,2150.800048828125,1508.7900390625,2185.949951171875,1529.6300048828125,2136.0,1505.637939453125,2150.89990234375,1511.81005859375,5746000,1344600
2020-02-12,2160.0,1518.27001953125,2160.0,1518.27001953125,2180.25,1520.6949462890625,2155.2900390625,1508.1099853515625,2163.199951171875,1514.47998046875,3334300,1167600
2020-02-13,2149.8701171875,1514.6600341796875,2149.8701171875,1514.6600341796875,2170.280029296875,1527.1800537109375,2142.0,1504.5999755859375,2144.989990234375,1512.68994140625,3031800,929500
2020-02-14,2134.8701171875,1520.739990234375,2134.8701171875,1520.739990234375,2159.0400390625,1520.739990234375,2125.889892578125,1507.3399658203125,2155.679931640625,1515.5999755859375,2606200,1197800
2020-02-18,2155.669921875,1519.6700439453125,2155.669921875,1519.6700439453125,2166.070068359375,1531.6300048828125,2124.110107421875,1512.5899658203125,2125.02001953125,1515.0,2945600,1120700
2020-02-19,2170.219970703125,1526.68994140625,2170.219970703125,1526.68994140625,2185.10009765625,1532.10595703125,2161.1201171875,1521.4000244140625,2167.800048828125,1525.0699462890625,2561200,949300
2020-02-20,2153.10009765625,1518.1500244140625,2153.10009765625,1518.1500244140625,2176.7900390625,1529.6400146484375,2127.449951171875,1506.8199462890625,2173.070068359375,1522.0,3131300,1096600
2020-02-21,2095.969970703125,1485.1099853515625,2095.969970703125,1485.1099853515625,2144.550048828125,1512.2149658203125,2088.0,1480.43994140625,2142.14990234375,1508.030029296875,4646300,1731700
2020-02-24,2009.2900390625,1421.5899658203125,2009.2900390625,1421.5899658203125,2039.300048828125,1436.969970703125,1987.969970703125,1411.3900146484375,2003.1800537109375,1426.1099853515625,6547000,2867100
2020-02-25,1972.739990234375,1388.449951171875,1972.739990234375,1388.449951171875,2034.5999755859375,1438.1400146484375,1958.4200439453125,1382.4000244140625,2026.4200439453125,1433.0,6219100,2478300
2020-02-26,1979.5899658203125,1393.1800537109375,1979.5899658203125,1393.1800537109375,2014.6700439453125,1415.699951171875,1960.449951171875,1379.0,1970.280029296875,1396.1400146484375,5224600,2202400
2020-02-27,1884.300048828125,1318.0899658203125,1884.300048828125,1318.0899658203125,1975.0,1371.7039794921875,1882.760009765625,1317.1700439453125,1934.3800048828125,1362.06005859375,8144000,2978300
2020-02-28,1883.75,1339.3299560546875,1883.75,1339.3299560546875,1889.760009765625,1341.1400146484375,1811.1300048828125,1271.0,1814.6300048828125,1277.5,9493800,3790600
2020-03-02,1953.949951171875,1389.1099853515625,1953.949951171875,1389.1099853515625,1954.510009765625,1390.8699951171875,1870.0,1326.81494140625,1906.489990234375,1351.6099853515625,6761700,2431500
2020-03-03,1908.989990234375,1341.3900146484375,1908.989990234375,1341.3900146484375,1996.3299560546875,1410.1500244140625,1888.0899658203125,1332.0,1975.3699951171875,1399.4200439453125,7534500,2402300
2020-03-04,1975.8299560546875,1386.52001953125,1975.8299560546875,1386.52001953125,1978.0,1388.0899658203125,1922.0,1343.1099853515625,1946.5699462890625,1359.22998046875,4772900,1913300
2020-03-05,1924.030029296875,1319.0400390625,1924.030029296875,1319.0400390625,1960.719970703125,1358.9100341796875,1910.0,1305.0999755859375,1933.0,1350.199951171875,4748200,2561300
2020-03-06,1901.0899658203125,1298.4100341796875,1901.0899658203125,1298.4100341796875,1910.8699951171875,1306.219970703125,1869.5,1261.050048828125,1875.0,1277.06005859375,5273600,2660600
2020-03-09,1800.6099853515625,1215.56005859375,1800.6099853515625,1215.56005859375,1862.77001953125,1254.760009765625,1761.2900390625,1200.0,1773.8599853515625,1205.300048828125,7813200,3365400
2020-03-10,1891.8199462890625,1280.3900146484375,1891.8199462890625,1280.3900146484375,1894.27001953125,1281.1500244140625,1818.1700439453125,1218.77001953125,1870.8800048828125,1260.0,7133300,2611400
2020-03-11,1820.8599853515625,1215.4100341796875,1820.8599853515625,1215.4100341796875,1871.3199462890625,1260.9599609375,1801.5,1196.0699462890625,1857.8499755859375,1249.699951171875,5624800,2608500
2020-03-12,1676.6099853515625,1114.9100341796875,1676.6099853515625,1114.9100341796875,1765.0,1193.8699951171875,1675.0,1113.300048828125,1721.97998046875,1126.0,11346200,4226700
2020-03-13,1785.0,1219.72998046875,1785.0,1219.72998046875,1786.31005859375,1219.760009765625,1680.6199951171875,1117.1429443359375,1755.0,1179.0,8809700,3700100
2020-03-16,1689.1500244140625,1084.3299560546875,1689.1500244140625,1084.3299560546875,1759.449951171875,1152.2669677734375,1626.030029296875,1074.43994140625,1641.510009765625,1096.0,8917300,4252400
2020-03-17,1807.8399658203125,1119.800048828125,1807.8399658203125,1119.800048828125,1857.780029296875,1130.8599853515625,1689.239990234375,1056.010009765625,1775.469970703125,1093.1099853515625,10917100,3861500
2020-03-18,1830.0,1096.800048828125,1830.0,1096.800048828125,1841.6600341796875,1106.5,1745.0,1037.280029296875,1750.0,1056.510009765625,9645200,4233400
2020-03-19,1880.9300537109375,1115.2900390625,1880.9300537109375,1115.2900390625,1945.0,1157.969970703125,1832.6500244140625,1060.1080322265625,1860.0,1093.050048828125,10399900,3651100
2020-03-20,1846.0899658203125,1072.3199462890625,1846.0899658203125,1072.3199462890625,1957.0,1143.989990234375,1820.72998046875,1065.489990234375,1926.31005859375,1135.719970703125,9817900,3601800
2020-03-23,1902.8299560546875,1056.6199951171875,1902.8299560546875,1056.6199951171875,1919.4000244140625,1071.3199462890625,1812.0,1013.5360107421875,1827.75,1061.3199462890625,7808500,4044100
2020-03-24,1940.0999755859375,1134.4599609375,1940.0999755859375,1134.4599609375,1955.0,1135.0,1900.3399658203125,1090.6199951171875,1951.5,1103.77001953125,7147100,3344500
2020-03-25,1885.8399658203125,1102.489990234375,1885.8399658203125,1102.489990234375,1950.260009765625,1148.9000244140625,1885.780029296875,1086.010009765625,1920.68994140625,1126.469970703125,6479100,4081500
2020-03-26,1955.489990234375,1161.75,1955.489990234375,1161.75,1956.489990234375,1169.969970703125,1889.2900390625,1093.530029296875,1902.0,1111.800048828125,6221300,3571700
2020-03-27,1900.0999755859375,1110.7099609375,1900.0999755859375,1110.7099609375,1939.7900390625,1150.6700439453125,1899.9200439453125,1105.9100341796875,1930.8599853515625,1125.6700439453125,5387900,3208500
2020-03-30,1963.949951171875,1146.8199462890625,1963.949951171875,1146.8199462890625,1973.6300048828125,1151.6300048828125,1912.3399658203125,1096.47998046875,1922.8299560546875,1125.0400390625,6126100,2574100
2020-03-31,1949.719970703125,1162.81005859375,1949.719970703125,1162.81005859375,1993.02001953125,1175.31005859375,1944.010009765625,1138.1400146484375,1964.3499755859375,1147.300048828125,5123600,2486400
2020-04-01,1907.699951171875,1105.6199951171875,1907.699951171875,1105.6199951171875,1944.9599609375,1129.68994140625,1893.0,1097.449951171875,1932.969970703125,1122.0,4121900,2344200
2020-04-02,1918.8299560546875,1120.8399658203125,1918.8299560546875,1120.8399658203125,1927.530029296875,1126.8599853515625,1890.0,1096.4000244140625,1901.6400146484375,1098.260009765625,4336000,1964900
2020-04-03,1906.5899658203125,1097.8800048828125,1906.5899658203125,1097.8800048828125,1926.3299560546875,1123.5400390625,1889.1500244140625,1079.81005859375,1911.1500244140625,1119.0150146484375,3609900,2313400
2020-04-06,1997.5899658203125,1186.9200439453125,1997.5899658203125,1186.9200439453125,1998.52001953125,1194.6600341796875,1930.02001953125,1130.93994140625,1936.0,1138.0,5773200,2664700
2020-04-07,2011.5999755859375,1186.510009765625,2011.5999755859375,1186.510009765625,2035.719970703125,1225.0,1997.6199951171875,1182.22998046875,2017.1099853515625,1221.0,5114000,2387300
2020-04-08,2043.0,1210.280029296875,2043.0,1210.280029296875,2044.0,1219.0699462890625,2011.1500244140625,1188.1600341796875,2021.0,1206.5,3977300,1975100
2020-04-09,2042.760009765625,1211.449951171875,2042.760009765625,1211.449951171875,2053.0,1225.5699462890625,2017.6600341796875,1196.7349853515625,2044.300048828125,1224.0799560546875,4655600,2175400
2020-04-13,2168.8701171875,1217.56005859375,2168.8701171875,1217.56005859375,2180.0,1220.510009765625,2038.0,1187.5980224609375,2040.0,1209.1800537109375,6716700,1739800
2020-04-14,2283.320068359375,1269.22998046875,2283.320068359375,1269.22998046875,2292.0,1282.0699462890625,2186.2099609375,1236.9300537109375,2200.469970703125,1245.0899658203125,8087200,2470400
2020-04-15,2307.679931640625,1262.469970703125,2307.679931640625,1262.469970703125,2333.3701171875,1280.4599609375,2245.0,1240.4000244140625,2257.679931640625,1245.6099853515625,6866600,1671700
2020-04-16,2408.18994140625,1263.469970703125,2408.18994140625,1263.469970703125,2461.0,1279.0,2335.0,1242.6199951171875,2346.0,1274.0999755859375,12038200,2518100
2020-04-17,2375.0,1283.25,2375.0,1283.25,2400.0,1294.4300537109375,2316.02001953125,1271.22998046875,2372.330078125,1284.8499755859375,7930000,1949000
2020-04-20,2393.610107421875,1266.6099853515625,2393.610107421875,1266.6099853515625,2444.97998046875,1281.5999755859375,2386.050048828125,1261.3699951171875,2389.949951171875,1271.0,5770700,1695500
2020-04-21,2328.1201171875,1216.3399658203125,2328.1201171875,1216.3399658203125,2428.31005859375,1254.27001953125,2279.659912109375,1209.7099609375,2416.610107421875,1247.0,7476700,2153000
2020-04-22,2363.489990234375,1263.2099609375,2363.489990234375,1263.2099609375,2394.0,1285.613037109375,2351.0,1242.0,2369.0,1245.5400390625,4218300,2093100
2020-04-23,2399.449951171875,1276.31005859375,2399.449951171875,1276.31005859375,2424.219970703125,1293.31005859375,2382.080078125,1265.6700439453125,2399.97998046875,1271.550048828125,5066600,1566200
2020-04-24,2410.219970703125,1279.31005859375,2410.219970703125,1279.31005859375,2420.429931640625,1280.4000244140625,2382.0,1249.449951171875,2417.0,1261.1700439453125,3831800,1640400
2020-04-27,2376.0,1275.8800048828125,2376.0,1275.8800048828125,2444.8798828125,1296.1500244140625,2363.0,1269.0,2443.199951171875,1296.0,5645600,1600600
2020-04-28,2314.080078125,1233.6700439453125,2314.080078125,1233.6700439453125,2373.5,1288.050048828125,2306.0,1232.199951171875,2372.10009765625,1287.9300537109375,5269400,2951300
2020-04-29,2372.7099609375,1341.47998046875,2372.7099609375,1341.47998046875,2391.889892578125,1359.989990234375,2310.0,1325.3399658203125,2330.010009765625,1341.4599609375,4591600,3793600
2020-04-30,2474.0,1348.6600341796875,2474.0,1348.6600341796875,2475.0,1352.8199462890625,2396.010009765625,1322.489990234375,2419.840087890625,1324.8800048828125,9534600,2668900
2020-05-01,2286.0400390625,1320.6099853515625,2286.0400390625,1320.6099853515625,2362.43994140625,1352.0699462890625,2258.18994140625,1311.0,2336.800048828125,1328.5,9772600,2072500
2020-05-04,2315.989990234375,1326.800048828125,2315.989990234375,1326.800048828125,2326.97998046875,1327.6600341796875,2256.3798828125,1299.0,2256.3798828125,1308.22998046875,4865900,1504000
2020-05-05,2317.800048828125,1351.1099853515625,2317.800048828125,1351.1099853515625,2351.0,1373.93994140625,2307.1298828125,1337.4599609375,2340.0,1337.9200439453125,3242500,1651500
2020-05-06,2351.260009765625,1347.300048828125,2351.260009765625,1347.300048828125,2357.449951171875,1371.1199951171875,2320.0,1347.2900390625,2329.43994140625,1361.68994140625,3117800,1215400
2020-05-07,2367.610107421875,1372.56005859375,2367.610107421875,1372.56005859375,2376.0,1377.5999755859375,2343.110107421875,1355.27001953125,2374.780029296875,1365.93994140625,3396400,1397600
2020-05-08,2379.610107421875,1388.3699951171875,2379.610107421875,1388.3699951171875,2387.239990234375,1398.760009765625,2357.0,1375.47998046875,2372.139892578125,1383.1300048828125,3211200,1388100
2020-05-11,2409.0,1403.260009765625,2409.0,1403.260009765625,2419.669921875,1416.530029296875,2372.110107421875,1377.1519775390625,2374.699951171875,1378.280029296875,3259200,1412100
2020-05-12,2356.949951171875,1375.739990234375,2356.949951171875,1375.739990234375,2419.0,1415.0,2355.0,1374.77001953125,2411.85009765625,1407.1199951171875,3074900,1390600
2020-05-13,2367.919921875,1349.3299560546875,2367.919921875,1349.3299560546875,2407.699951171875,1385.4820556640625,2337.800048828125,1328.4000244140625,2366.800048828125,1377.050048828125,4782900,1812600
2020-05-14,2388.85009765625,1356.1300048828125,2388.85009765625,1356.1300048828125,2391.3701171875,1357.4200439453125,2353.2099609375,1323.9100341796875,2361.010009765625,1335.02001953125,3648100,1603100
2020-05-15,2409.780029296875,1373.18994140625,2409.780029296875,1373.18994140625,2411.0,1374.47998046875,2356.3701171875,1339.0,2368.52001953125,1350.0,4235000,1707700
2020-05-18,2426.260009765625,1383.93994140625,2426.260009765625,1383.93994140625,2433.0,1392.324951171875,2384.010009765625,1354.25,2404.35009765625,1361.75,4366600,1824000
2020-05-19,2449.330078125,1373.4849853515625,2449.330078125,1373.4849853515625,2485.0,1392.0,2428.969970703125,1373.4849853515625,2429.830078125,1386.9969482421875,4320500,1280600
2020-05-20,2497.93994140625,1406.719970703125,2497.93994140625,1406.719970703125,2500.010009765625,1410.4200439453125,2467.27001953125,1387.25,2477.8701171875,1389.5799560546875,3998100,1655400
2020-05-21,2446.739990234375,1402.800048828125,2446.739990234375,1402.800048828125,2525.449951171875,1415.489990234375,2442.5400390625,1393.449951171875,2500.0,1408.0,5114400,1385000
2020-05-22,2436.8798828125,1410.4200439453125,2436.8798828125,1410.4200439453125,2469.85009765625,1412.760009765625,2430.1298828125,1391.8299560546875,2455.010009765625,1396.7099609375,2867100,1309400
2020-05-26,2421.860107421875,1417.02001953125,2421.860107421875,1417.02001953125,2462.0,1441.0,2414.06005859375,1412.1300048828125,2458.0,1437.27001953125,3568200,2060600
2020-05-27,2410.389892578125,1417.8399658203125,2410.389892578125,1417.8399658203125,2413.580078125,1421.739990234375,2330.0,1391.2900390625,2404.989990234375,1417.25,5056900,1685800
2020-05-28,2401.10009765625,1416.72998046875,2401.10009765625,1416.72998046875,2436.969970703125,1440.8399658203125,2378.22998046875,1396.0,2384.330078125,1396.8599853515625,3190200,1692200
2020-05-29,2442.3701171875,1428.9200439453125,2442.3701171875,1428.9200439453125,2442.3701171875,1432.5699462890625,2398.199951171875,1413.3499755859375,2415.93994140625,1416.93994140625,3529300,1838100
2020-06-01,2471.0400390625,1431.8199462890625,2471.0400390625,1431.8199462890625,2476.929931640625,1437.9599609375,2444.169921875,1418.0,2448.0,1418.3900146484375,2928900,1217100
2020-06-02,2472.409912109375,1439.219970703125,2472.409912109375,1439.219970703125,2473.530029296875,1439.6099853515625,2445.31005859375,1418.8299560546875,2467.0,1430.550048828125,2529900,1278100
2020-06-03,2478.39990234375,1436.3800048828125,2478.39990234375,1436.3800048828125,2488.0,1446.552001953125,2461.169921875,1429.7769775390625,2468.010009765625,1438.300048828125,2671000,1256200
2020-06-04,2460.60009765625,1412.1800537109375,2460.60009765625,1412.1800537109375,2507.5400390625,1438.9599609375,2450.010009765625,1404.72998046875,2477.429931640625,1430.4000244140625,2948700,1484300
2020-06-05,2483.0,1438.3900146484375,2483.0,1438.3900146484375,2488.64990234375,1445.050048828125,2437.1298828125,1406.0,2444.510009765625,1413.1700439453125,3306400,1734900
2020-06-08,2524.06005859375,1446.6099853515625,2524.06005859375,1446.6099853515625,2530.0,1447.989990234375,2487.340087890625,1422.3399658203125,2500.199951171875,1422.3399658203125,3970700,1404200
2020-06-09,2600.860107421875,1456.1600341796875,2600.860107421875,1456.1600341796875,2626.429931640625,1468.0,2525.0,1443.2099609375,2529.43994140625,1445.3599853515625,5176000,1409200
2020-06-10,2647.449951171875,1465.8499755859375,2647.449951171875,1465.8499755859375,2722.35009765625,1474.259033203125,2626.260009765625,1456.27001953125,2645.0,1459.5400390625,4946000,1525200
2020-06-11,2557.9599609375,1403.8399658203125,2557.9599609375,1403.8399658203125,2671.3798828125,1454.4749755859375,2536.22998046875,1402.0,2603.5,1442.47998046875,5800100,1991300
2020-06-12,2545.02001953125,1413.1800537109375,2545.02001953125,1413.1800537109375,2621.47998046875,1437.0,2503.35009765625,1386.02001953125,2601.2099609375,1428.489990234375,5429600,1944200
2020-06-15,2572.679931640625,1419.8499755859375,2572.679931640625,1419.8499755859375,2584.0,1424.800048828125,2508.0,1387.9200439453125,2526.60009765625,1390.800048828125,3865100,1503900
2020-06-16,2615.27001953125,1442.719970703125,2615.27001953125,1442.719970703125,2620.0,1455.02001953125,2576.0,1425.9000244140625,2620.0,1445.219970703125,3585600,1709200
2020-06-17,2640.97998046875,1451.1199951171875,2640.97998046875,1451.1199951171875,2655.0,1460.0,2631.820068359375,1431.3800048828125,2647.5,1447.1600341796875,2951100,1548300
2020-06-18,2653.97998046875,1435.9599609375,2653.97998046875,1435.9599609375,2659.639892578125,1451.4100341796875,2636.110107421875,1427.010009765625,2647.010009765625,1449.1600341796875,2487800,1581900
2020-06-19,2675.010009765625,1431.719970703125,2675.010009765625,1431.719970703125,2697.429931640625,1447.800048828125,2659.0,1421.3499755859375,2678.080078125,1444.0,5773300,3156900
2020-06-22,2713.820068359375,1451.8599853515625,2713.820068359375,1451.8599853515625,2715.0,1452.75,2669.0,1423.2099609375,2684.5,1429.0,3208800,1542400
2020-06-23,2764.409912109375,1464.4100341796875,2764.409912109375,1464.4100341796875,2783.110107421875,1475.9410400390625,2718.0400390625,1445.239990234375,2726.02001953125,1455.6400146484375,4231700,1429800
2020-06-24,2734.39990234375,1431.969970703125,2734.39990234375,1431.969970703125,2796.0,1475.4200439453125,2721.0,1429.75,2780.0,1461.510009765625,4526600,1756000
2020-06-25,2754.580078125,1441.3299560546875,2754.580078125,1441.3299560546875,2756.22998046875,1442.9000244140625,2712.139892578125,1420.0,2739.550048828125,1429.9000244140625,2968700,1230500
2020-06-26,2692.8701171875,1359.9000244140625,2692.8701171875,1359.9000244140625,2782.570068359375,1433.449951171875,2688.0,1351.989990234375,2775.06005859375,1431.3900146484375,6500800,4267700
2020-06-29,2680.3798828125,1394.969970703125,2680.3798828125,1394.969970703125,2696.800048828125,1395.5999755859375,2630.080078125,1347.010009765625,2690.010009765625,1358.1800537109375,4223400,1810200
2020-06-30,2758.820068359375,1413.6099853515625,2758.820068359375,1413.6099853515625,2769.6298828125,1418.6500244140625,2675.030029296875,1383.9599609375,2685.070068359375,1390.43994140625,3769700,2042400
2020-07-01,2878.699951171875,1438.0400390625,2878.699951171875,1438.0400390625,2895.0,1443.0,2754.0,1409.8199462890625,2757.989990234375,1411.0999755859375,6363400,1775200
2020-07-02,2890.300048828125,1464.699951171875,2890.300048828125,1464.699951171875,2955.56005859375,1482.949951171875,2871.10009765625,1446.4200439453125,2912.010009765625,1446.93994140625,6593400,1859100
2020-07-06,3057.0400390625,1495.699951171875,3057.0400390625,1495.699951171875,3059.8798828125,1506.5899658203125,2930.0,1472.8599853515625,2934.969970703125,1480.06005859375,6880600,1564000
2020-07-07,3000.1201171875,1485.1800537109375,3000.1201171875,1485.1800537109375,3069.550048828125,1516.800048828125,2990.0,1483.550048828125,3058.550048828125,1490.0,5257500,1458200
2020-07-08,3081.110107421875,1496.0,3081.110107421875,1496.0,3083.969970703125,1505.8800048828125,3012.429931640625,1485.6300048828125,3022.610107421875,1494.3199462890625,5037600,1249700
2020-07-09,3182.6298828125,1510.989990234375,3182.6298828125,1510.989990234375,3193.8798828125,1522.719970703125,3074.0,1488.0849609375,3115.989990234375,1506.449951171875,6388700,1423300
2020-07-10,3200.0,1541.739990234375,3200.0,1541.739990234375,3215.0,1543.8299560546875,3135.699951171875,1496.5400390625,3191.760009765625,1506.1500244140625,5486000,1856300
2020-07-13,3104.0,1511.3399658203125,3104.0,1511.3399658203125,3344.2900390625,1577.1319580078125,3068.389892578125,1505.2430419921875,3251.06005859375,1550.0,7720400,1846400
2020-07-14,3084.0,1520.5799560546875,3084.0,1520.5799560546875,3127.3798828125,1522.949951171875,2950.0,1483.5,3089.0,1490.31005859375,7231900,1585000
2020-07-15,3008.8701171875,1513.6400146484375,3008.8701171875,1513.6400146484375,3098.35009765625,1535.3299560546875,2973.179931640625,1498.0,3080.22998046875,1523.1300048828125,5788900,1610700
2020-07-16,2999.89990234375,1518.0,2999.89990234375,1518.0,3032.0,1518.68994140625,2918.22998046875,1486.31005859375,2971.06005859375,1500.0,6394200,1519300
2020-07-17,2961.969970703125,1515.550048828125,2961.969970703125,1515.550048828125,3024.0,1523.43994140625,2948.449951171875,1498.4200439453125,3009.0,1521.6199951171875,4761300,1456700
2020-07-20,3196.840087890625,1565.719970703125,3196.840087890625,1565.719970703125,3201.360107421875,1570.2900390625,2994.02001953125,1503.5999755859375,3000.199951171875,1515.260009765625,7598200,1557300
2020-07-21,3138.2900390625,1558.4200439453125,3138.2900390625,1558.4200439453125,3240.580078125,1586.989990234375,3105.719970703125,1554.280029296875,3232.489990234375,1586.989990234375,6135000,1218600
2020-07-22,3099.909912109375,1568.489990234375,3099.909912109375,1568.489990234375,3150.0,1570.0,3065.260009765625,1546.0999755859375,3125.0,1560.5,4104200,932000
2020-07-23,2986.550048828125,1515.6800537109375,2986.550048828125,1515.6800537109375,3098.27001953125,1571.8699951171875,2970.0,1507.3919677734375,3098.27001953125,1566.969970703125,5656900,1627600
2020-07-24,3008.909912109375,1511.8699951171875,3008.909912109375,1511.8699951171875,3031.580078125,1517.635986328125,2888.0,1488.4000244140625,2930.0,1498.9300537109375,5632400,1544000
2020-07-27,3055.2099609375,1530.199951171875,3055.2099609375,1530.199951171875,3098.0,1540.969970703125,3015.77001953125,1515.2099609375,3062.0,1515.5999755859375,4170500,1246000
2020-07-28,3000.330078125,1500.3399658203125,3000.330078125,1500.3399658203125,3077.090087890625,1526.47998046875,2995.760009765625,1497.6600341796875,3054.27001953125,1525.1800537109375,3126700,1702200
2020-07-29,3033.530029296875,1522.02001953125,3033.530029296875,1522.02001953125,3039.159912109375,1531.251953125,2996.77001953125,1501.3299560546875,3030.989990234375,1506.3199462890625,2974100,1106500
2020-07-30,3051.8798828125,1531.449951171875,3051.8798828125,1531.449951171875,3092.0,1537.8699951171875,3005.0,1492.219970703125,3014.0,1497.0,6128300,1671400
2020-07-31,3164.679931640625,1482.9599609375,3164.679931640625,1482.9599609375,3246.820068359375,1508.949951171875,3151.0,1454.030029296875,3244.0,1505.010009765625,8085500,3439900
2020-08-03,3111.889892578125,1474.449951171875,3111.889892578125,1474.449951171875,3184.0,1490.469970703125,3104.0,1465.6400146484375,3180.510009765625,1486.6400146484375,5074700,2330200
2020-08-04,3138.830078125,1464.969970703125,3138.830078125,1464.969970703125,3167.239990234375,1485.56005859375,3101.2099609375,1458.6500244140625,3101.2099609375,1476.5699462890625,4694300,1903500
2020-08-05,3205.030029296875,1473.6099853515625,3205.030029296875,1473.6099853515625,3213.590087890625,1482.4100341796875,3127.300048828125,1463.4599609375,3143.77001953125,1469.300048828125,3930000,1979500
2020-08-06,3225.0,1500.0999755859375,3225.0,1500.0999755859375,3247.469970703125,1502.3900146484375,3165.429931640625,1466.0,3194.360107421875,1471.75,3940600,1995400
2020-08-07,3167.4599609375,1494.489990234375,3167.4599609375,1494.489990234375,3240.81005859375,1516.844970703125,3140.669921875,1481.6400146484375,3224.010009765625,1500.0,3929600,1576600
2020-08-10,3148.159912109375,1496.0999755859375,3148.159912109375,1496.0999755859375,3172.510009765625,1504.074951171875,3101.52001953125,1473.0799560546875,3170.31005859375,1487.1800537109375,3167300,1289300
2020-08-11,3080.669921875,1480.3199462890625,3080.669921875,1480.3199462890625,3159.219970703125,1510.0,3073.0,1478.0,3113.199951171875,1492.43994140625,3718100,1454400
2020-08-12,3162.239990234375,1506.6199951171875,3162.239990234375,1506.6199951171875,3174.389892578125,1512.385986328125,3101.419921875,1485.25,3108.0,1485.5799560546875,3527200,1437700
2020-08-13,3161.02001953125,1518.449951171875,3161.02001953125,1518.449951171875,3217.52001953125,1537.25,3155.0,1508.0050048828125,3182.989990234375,1510.3399658203125,3149000,1455200
2020-08-14,3148.02001953125,1507.72998046875,3148.02001953125,1507.72998046875,3178.239990234375,1521.9000244140625,3120.0,1502.8800048828125,3178.179931640625,1515.6600341796875,2751700,1354800
2020-08-17,3182.409912109375,1517.97998046875,3182.409912109375,1517.97998046875,3194.969970703125,1525.6099853515625,3154.179931640625,1507.969970703125,3173.1201171875,1514.6700439453125,2691200,1378300
2020-08-18,3312.489990234375,1558.5999755859375,3312.489990234375,1558.5999755859375,3320.0,1562.469970703125,3205.820068359375,1523.7099609375,3212.0,1526.1800537109375,5346000,2027100
2020-08-19,3260.47998046875,1547.530029296875,3260.47998046875,1547.530029296875,3315.89990234375,1573.6800537109375,3256.0,1543.949951171875,3303.010009765625,1553.31005859375,4185100,1660600
2020-08-20,3297.3701171875,1581.75,3297.3701171875,1581.75,3312.6201171875,1585.8699951171875,3238.0,1538.199951171875,3252.0,1543.449951171875,3332500,1706900
2020-08-21,3284.719970703125,1580.4200439453125,3284.719970703125,1580.4200439453125,3314.39990234375,1597.719970703125,3275.389892578125,1568.0050048828125,3295.0,1577.030029296875,3575900,1446500
2020-08-24,3307.4599609375,1588.199951171875,3307.4599609375,1588.199951171875,3380.320068359375,1614.1700439453125,3257.56005859375,1580.5699462890625,3310.14990234375,1593.97998046875,4666300,1409900
2020-08-25,3346.489990234375,1608.219970703125,3346.489990234375,1608.219970703125,3357.39990234375,1611.6199951171875,3267.0,1582.0699462890625,3294.989990234375,1582.0699462890625,3992800,2247100
2020-08-26,3441.85009765625,1652.3800048828125,3441.85009765625,1652.3800048828125,3451.739990234375,1659.219970703125,3344.570068359375,1603.5999755859375,3351.110107421875,1608.0,6508700,3993400
2020-08-27,3400.0,1634.3299560546875,3400.0,1634.3299560546875,3453.0,1655.0,3378.0,1625.75,3450.050048828125,1653.6800537109375,4264800,1861600
2020-08-28,3401.800048828125,1644.4100341796875,3401.800048828125,1644.4100341796875,3433.3701171875,1647.1700439453125,3386.5,1630.75,3423.0,1633.489990234375,2897000,1499800
2020-08-31,3450.9599609375,1634.1800537109375,3450.9599609375,1634.1800537109375,3495.0,1647.9649658203125,3405.0,1630.31005859375,3408.989990234375,1647.8900146484375,4185900,1823400
2020-09-01,3499.1201171875,1660.7099609375,3499.1201171875,1660.7099609375,3513.8701171875,1665.72998046875,3467.0,1632.219970703125,3489.580078125,1636.6300048828125,3476400,1826700
2020-09-02,3531.449951171875,1728.280029296875,3531.449951171875,1728.280029296875,3552.25,1733.1800537109375,3486.68994140625,1666.3299560546875,3547.0,1673.7750244140625,3931500,2511200
2020-09-03,3368.0,1641.8399658203125,3368.0,1641.8399658203125,3488.409912109375,1709.7139892578125,3303.0,1615.06005859375,3485.0,1709.7139892578125,8161100,3107800
2020-09-04,3294.6201171875,1591.0400390625,3294.6201171875,1591.0400390625,3381.5,1645.1099853515625,3111.1298828125,1547.613037109375,3318.0,1624.260009765625,8781800,2608600
2020-09-08,3149.840087890625,1532.3900146484375,3149.840087890625,1532.3900146484375,3250.85009765625,1563.864990234375,3130.0,1528.010009765625,3144.0,1533.510009765625,6094200,2610900
2020-09-09,3268.610107421875,1556.9599609375,3268.610107421875,1556.9599609375,3303.179931640625,1569.0,3185.0,1536.051025390625,3202.989990234375,1557.530029296875,5188700,1774700
2020-09-10,3175.110107421875,1532.02001953125,3175.110107421875,1532.02001953125,3349.889892578125,1584.0810546875,3170.550048828125,1525.8050537109375,3307.219970703125,1560.6400146484375,5330700,1618600
2020-09-11,3116.219970703125,1520.719970703125,3116.219970703125,1520.719970703125,3217.340087890625,1575.199951171875,3083.97998046875,1497.3599853515625,3208.68994140625,1536.0,5094000,1597100
2020-09-14,3102.969970703125,1519.280029296875,3102.969970703125,1519.280029296875,3187.389892578125,1564.0,3096.0,1515.739990234375,3172.93994140625,1539.0050048828125,4529600,1696600
2020-09-15,3156.1298828125,1541.43994140625,3156.1298828125,1541.43994140625,3175.02001953125,1559.5699462890625,3108.919921875,1531.8349609375,3136.159912109375,1536.0,4021500,1331100
2020-09-16,3078.10009765625,1520.9000244140625,3078.10009765625,1520.9000244140625,3187.239990234375,1562.0,3074.14990234375,1519.8199462890625,3179.989990234375,1555.5400390625,4512200,1311700
2020-09-17,3008.72998046875,1495.530029296875,3008.72998046875,1495.530029296875,3029.429931640625,1508.2979736328125,2972.550048828125,1470.0,3009.25,1496.0,6449100,1879800
2020-09-18,2954.909912109375,1459.989990234375,2954.909912109375,1459.989990234375,3037.800048828125,1503.0030517578125,2905.5400390625,1437.1300048828125,3031.739990234375,1498.010009765625,8892600,3103900
2020-09-21,2960.469970703125,1431.1600341796875,2960.469970703125,1431.1600341796875,2962.0,1448.3599853515625,2871.0,1406.550048828125,2906.5,1440.06005859375,6117900,2888800
2020-09-22,3128.989990234375,1465.4599609375,3128.989990234375,1465.4599609375,3133.989990234375,1469.52001953125,3000.199951171875,1434.530029296875,3033.840087890625,1450.0899658203125,6948800,1583200
2020-09-23,2999.860107421875,1415.2099609375,2999.860107421875,1415.2099609375,3127.0,1460.9599609375,2992.3798828125,1407.699951171875,3120.429931640625,1458.780029296875,5652700,1657400
2020-09-24,3019.7900390625,1428.2900390625,3019.7900390625,1428.2900390625,3069.300048828125,1443.708984375,2965.0,1409.8499755859375,2977.7900390625,1411.030029296875,5529400,1450200
2020-09-25,3095.1298828125,1444.9599609375,3095.1298828125,1444.9599609375,3101.5400390625,1450.0,2999.0,1413.3399658203125,3054.860107421875,1432.6300048828125,4615200,1323000
2020-09-28,3174.050048828125,1464.52001953125,3174.050048828125,1464.52001953125,3175.0400390625,1476.800048828125,3117.169921875,1449.301025390625,3148.85009765625,1474.2099609375,4224200,2007900
2020-09-29,3144.8798828125,1469.3299560546875,3144.8798828125,1469.3299560546875,3188.260009765625,1476.6629638671875,3132.5400390625,1458.8050537109375,3175.389892578125,1470.3900146484375,3495800,978200
2020-09-30,3148.72998046875,1469.5999755859375,3148.72998046875,1469.5999755859375,3212.8798828125,1489.75,3133.989990234375,1459.8800048828125,3141.139892578125,1466.800048828125,4883400,1700600
2020-10-01,3221.260009765625,1490.0899658203125,3221.260009765625,1490.0899658203125,3224.0,1499.0400390625,3172.0,1479.2099609375,3208.0,1484.27001953125,4971900,1779500
2020-10-02,3125.0,1458.4200439453125,3125.0,1458.4200439453125,3195.800048828125,1483.199951171875,3123.0,1450.9200439453125,3153.6298828125,1462.030029296875,5613100,1284100
2020-10-05,3199.199951171875,1486.02001953125,3199.199951171875,1486.02001953125,3202.530029296875,1488.2099609375,3140.85009765625,1464.27001953125,3145.840087890625,1466.2099609375,3775300,1113300
2020-10-06,3099.9599609375,1453.43994140625,3099.9599609375,1453.43994140625,3182.0,1486.760009765625,3090.0,1448.5899658203125,3165.0,1475.5799560546875,5086900,1245400
2020-10-07,3195.68994140625,1460.2900390625,3195.68994140625,1460.2900390625,3200.0,1468.9599609375,3132.389892578125,1436.0,3135.0,1464.2900390625,4309400,1746200
2020-10-08,3190.550048828125,1485.9300537109375,3190.550048828125,1485.9300537109375,3233.2900390625,1490.0,3174.989990234375,1465.0899658203125,3224.989990234375,1465.0899658203125,3174100,1187800
2020-10-09,3286.64990234375,1515.219970703125,3286.64990234375,1515.219970703125,3288.989990234375,1516.52001953125,3197.830078125,1489.449951171875,3210.0,1494.699951171875,4907900,1435300
2020-10-12,3442.929931640625,1569.1500244140625,3442.929931640625,1569.1500244140625,3496.239990234375,1593.8599853515625,3339.550048828125,1532.5699462890625,3349.93994140625,1543.0,8364200,2482600
2020-10-13,3443.6298828125,1571.6800537109375,3443.6298828125,1571.6800537109375,3492.3798828125,1590.0,3424.219970703125,1563.199951171875,3467.989990234375,1583.72998046875,5744700,1601000
2020-10-14,3363.7099609375,1568.0799560546875,3363.7099609375,1568.0799560546875,3464.8798828125,1587.6839599609375,3340.0,1550.530029296875,3447.0,1578.5899658203125,5828900,1931000
2020-10-15,3338.64990234375,1559.1300048828125,3338.64990234375,1559.1300048828125,3355.8798828125,1575.10498046875,3280.0,1545.030029296875,3292.010009765625,1547.1500244140625,5223400,1540000
2020-10-16,3272.7099609375,1573.010009765625,3272.7099609375,1573.010009765625,3399.659912109375,1581.1300048828125,3160.0,1563.0,3363.22998046875,1565.8499755859375,6474400,1434700
2020-10-19,3207.2099609375,1534.6099853515625,3207.2099609375,1534.6099853515625,3329.0,1588.1500244140625,3192.739990234375,1528.0,3299.610107421875,1580.4599609375,5223600,1607100
2020-10-20,3217.010009765625,1555.9300537109375,3217.010009765625,1555.9300537109375,3266.0,1577.5,3192.010009765625,1525.6700439453125,3222.280029296875,1527.050048828125,4509700,2241700
2020-10-21,3184.93994140625,1593.31005859375,3184.93994140625,1593.31005859375,3233.8798828125,1618.72998046875,3160.0,1571.6300048828125,3212.5,1573.3299560546875,4592700,2568300
2020-10-22,3176.39990234375,1615.3299560546875,3176.39990234375,1615.3299560546875,3198.75,1621.989990234375,3121.93994140625,1585.0,3189.8701171875,1593.050048828125,4212000,1433600
2020-10-23,3204.39990234375,1641.0,3204.39990234375,1641.0,3205.330078125,1642.3599853515625,3140.0,1620.510009765625,3191.0,1626.0699462890625,3466700,1375800
2020-10-26,3207.0400390625,1590.449951171875,3207.0400390625,1590.449951171875,3282.97998046875,1638.239990234375,3153.300048828125,1576.5,3198.739990234375,1625.010009765625,5901200,1853300
2020-10-27,3286.330078125,1604.260009765625,3286.330078125,1604.260009765625,3291.659912109375,1606.844970703125,3211.300048828125,1582.780029296875,3224.93994140625,1595.6700439453125,4291000,1229000
2020-10-28,3162.780029296875,1516.6199951171875,3162.780029296875,1516.6199951171875,3264.02001953125,1561.3499755859375,3162.469970703125,1514.6199951171875,3249.300048828125,1559.739990234375,5588300,1834000
2020-10-29,3211.010009765625,1567.239990234375,3211.010009765625,1567.239990234375,3257.25,1593.7099609375,3164.0,1522.239990234375,3201.27001953125,1522.3599853515625,6596500,2003100
2020-10-30,3036.14990234375,1621.010009765625,3036.14990234375,1621.010009765625,3167.0,1687.0,3019.0,1604.4599609375,3157.75,1672.1099853515625,8386400,4329100
2020-11-02,3004.47998046875,1626.030029296875,3004.47998046875,1626.030029296875,3079.7099609375,1660.77001953125,2950.1201171875,1616.030029296875,3061.739990234375,1628.1600341796875,7257400,2535400
2020-11-03,3048.409912109375,1650.2099609375,3048.409912109375,1650.2099609375,3074.89990234375,1661.699951171875,2980.97998046875,1616.6199951171875,3018.530029296875,1631.780029296875,4897900,1661700
2020-11-04,3241.159912109375,1749.1300048828125,3241.159912109375,1749.1300048828125,3244.85009765625,1771.364990234375,3139.72998046875,1706.030029296875,3159.989990234375,1710.280029296875,6839000,3570900
2020-11-05,3322.0,1763.3699951171875,3322.0,1763.3699951171875,3366.800048828125,1793.6400146484375,3288.8798828125,1750.510009765625,3319.969970703125,1781.0,5789300,2065800
2020-11-06,3311.3701171875,1761.75,3311.3701171875,1761.75,3322.0,1772.4300537109375,3232.0,1740.3499755859375,3304.639892578125,1753.949951171875,4647300,1660900
2020-11-09,3143.739990234375,1763.0,3143.739990234375,1763.0,3289.0,1818.06005859375,3112.110107421875,1760.02001953125,3231.030029296875,1790.9000244140625,7190400,2268300
2020-11-10,3035.02001953125,1740.3900146484375,3035.02001953125,1740.3900146484375,3114.0,1763.0,3019.47998046875,1717.300048828125,3095.02001953125,1731.0899658203125,6591000,2636100
2020-11-11,3137.389892578125,1752.7099609375,3137.389892578125,1752.7099609375,3139.14990234375,1764.219970703125,3050.0,1747.364990234375,3061.780029296875,1750.0,4366900,1264000
2020-11-12,3110.280029296875,1749.8399658203125,3110.280029296875,1749.8399658203125,3175.8798828125,1768.27001953125,3086.050048828125,1745.5999755859375,3159.949951171875,1747.6300048828125,4362000,1247500
2020-11-13,3128.81005859375,1777.02001953125,3128.81005859375,1777.02001953125,3141.719970703125,1781.0400390625,3085.389892578125,1744.550048828125,3122.0,1757.6300048828125,3756200,1499900
2020-11-16,3131.06005859375,1781.3800048828125,3131.06005859375,1781.3800048828125,3142.699951171875,1799.0699462890625,3072.68994140625,1767.68994140625,3093.199951171875,1771.699951171875,3808700,1246800
2020-11-17,3135.659912109375,1770.1500244140625,3135.659912109375,1770.1500244140625,3189.25,1785.0,3135.260009765625,1767.0,3183.5400390625,1776.93994140625,3444700,1147100
2020-11-18,3105.4599609375,1746.780029296875,3105.4599609375,1746.780029296875,3140.0,1773.469970703125,3105.10009765625,1746.1400146484375,3134.0,1765.22998046875,2916800,1173500
2020-11-19,3117.02001953125,1763.9200439453125,3117.02001953125,1763.9200439453125,3125.0,1769.5899658203125,3080.919921875,1737.0050048828125,3105.31005859375,1738.3800048828125,3010300,1249900
2020-11-20,3099.39990234375,1742.18994140625,3099.39990234375,1742.18994140625,3132.889892578125,1774.0,3098.050048828125,1741.8599853515625,3117.02001953125,1765.2099609375,3374400,2313500
2020-11-23,3098.389892578125,1734.8599853515625,3098.389892578125,1734.8599853515625,3139.75,1753.9000244140625,3065.4599609375,1717.719970703125,3116.699951171875,1749.5999755859375,4708900,2161600
2020-11-24,3118.06005859375,1768.8800048828125,3118.06005859375,1768.8800048828125,3134.25,1771.5999755859375,3086.260009765625,1727.68994140625,3100.5,1730.5,3602100,1578000
2020-11-25,3185.070068359375,1771.4300537109375,3185.070068359375,1771.4300537109375,3198.0,1778.5400390625,3140.260009765625,1756.5400390625,3141.8701171875,1772.8900146484375,3790400,1045800
2020-11-27,3195.340087890625,1793.18994140625,3195.340087890625,1793.18994140625,3216.18994140625,1804.0,3190.050048828125,1772.43994140625,3211.260009765625,1773.0899658203125,2392900,884900
2020-11-30,3168.0400390625,1760.739990234375,3168.0400390625,1760.739990234375,3228.389892578125,1788.06494140625,3125.550048828125,1755.0,3208.47998046875,1781.1839599609375,4063900,1823800
2020-12-01,3220.080078125,1798.0999755859375,3220.080078125,1798.0999755859375,3248.949951171875,1824.8299560546875,3157.179931640625,1769.3699951171875,3188.5,1774.3699951171875,4544400,1739000
2020-12-02,3203.530029296875,1827.949951171875,3203.530029296875,1827.949951171875,3232.0,1835.6500244140625,3173.260009765625,1789.4730224609375,3221.64990234375,1798.0999755859375,3129300,1222000
2020-12-03,3186.72998046875,1826.77001953125,3186.72998046875,1826.77001953125,3228.639892578125,1847.199951171875,3181.31005859375,1822.6500244140625,3205.4599609375,1824.010009765625,2892000,1227300
2020-12-04,3162.580078125,1827.989990234375,3162.580078125,1827.989990234375,3198.2099609375,1833.1600341796875,3158.760009765625,1816.989990234375,3198.2099609375,1824.52001953125,2913600,1378200
2020-12-07,3158.0,1819.47998046875,3158.0,1819.47998046875,3180.760009765625,1832.3699951171875,3141.68994140625,1805.780029296875,3156.47998046875,1819.0,2751300,1320900
2020-12-08,3177.2900390625,1818.550048828125,3177.2900390625,1818.550048828125,3184.1298828125,1821.9000244140625,3120.02001953125,1796.2049560546875,3158.89990234375,1810.0999755859375,3286300,1096300
2020-12-09,3104.199951171875,1784.1300048828125,3104.199951171875,1784.1300048828125,3174.429931640625,1834.27001953125,3088.0,1767.81005859375,3167.889892578125,1812.010009765625,4100800,1507600
2020-12-10,3101.489990234375,1775.3299560546875,3101.489990234375,1775.3299560546875,3142.10009765625,1781.31005859375,3076.0,1740.3199462890625,3088.989990234375,1769.800048828125,3030200,1362800
2020-12-11,3116.419921875,1781.77001953125,3116.419921875,1781.77001953125,3118.669921875,1784.449951171875,3072.820068359375,1760.0,3096.659912109375,1763.06005859375,3064700,1220700
2020-12-14,3156.969970703125,1760.06005859375,3156.969970703125,1760.06005859375,3190.469970703125,1797.3900146484375,3126.0,1757.2149658203125,3143.0,1775.0,4155800,1600200
